상품명, 가격, 판매처, 링크
종합
바나나 필리핀  송이,5490,종합몰,http://item.gmarket.co.kr/Item?goodscode=1273999069
미국산 생과 석류 5kg 대용량 지금부 제철,28980,달구벌농산,http://item.gmarket.co.kr/Item?goodscode=419486702
(행사상품)씨없는적포도 미국  1.2kg 팩,6990,종합몰,http://item.gmarket.co.kr/Item?goodscode=729489186
(Gtable) 씻어나온 왕자몽 6과 (청자몽),10900,자연마루몰,http://item.gmarket.co.kr/Item?goodscode=1711515493
스위트 마운틴 바나나 (봉),2930,종합몰,http://item.gmarket.co.kr/Item?goodscode=1703934693
정품 썬키스트 팬시레몬 40과,17900,팜플러스☆,http://item.gmarket.co.kr/Item?goodscode=764714608
켈리포니아 원더플석류 실중량 5kg내외 9~10과,37340,에이원플러스,http://item.gmarket.co.kr/Item?goodscode=746521162
레드자몽 25과,25900,팜플러스☆,http://item.gmarket.co.kr/Item?goodscode=204544702
초특가 달콤한 Dole 바나나 1KG내외(봉),4930,종합몰,http://item.gmarket.co.kr/Item?goodscode=1703064453
프리미엄바나나 스위티오 필리핀  송이,5490,종합몰,http://item.gmarket.co.kr/Item?goodscode=766023439
(전단상품)프리미엄청포도ENVY 미국  1.5KG 팩,10990,종합몰,http://item.gmarket.co.kr/Item?goodscode=1707915939
고당도 바나나 6손(13kg) 필리핀산 대용량 1박스,23010,오렌지씨,http://item.gmarket.co.kr/Item?goodscode=1208679974
거북농산 페루산 청포도  크림슨(적포도) 8.2kg,39900,거북이농산,http://item.gmarket.co.kr/Item?goodscode=982756221
(전단상품)Dole 해금골드키위 8-16입 팩,12990,종합몰,http://item.gmarket.co.kr/Item?goodscode=1170940895
거북농산 국산참다래 10kg,36080,거북이농산,http://item.gmarket.co.kr/Item?goodscode=853140404
미국산초이스 석류 5kg 18입-왕대9입내외 출시특가,27360,미미가,http://item.gmarket.co.kr/Item?goodscode=1711611121
유기농바나나 페루  송이,4990,종합몰,http://item.gmarket.co.kr/Item?goodscode=1308658994
Dole 미니바나나 필리핀  송이,3990,종합몰,http://item.gmarket.co.kr/Item?goodscode=701002132
싱싱한 햇 그린키위 국산 참다래 / 5kg 65과전후 중과,17220,원시인농산,http://item.gmarket.co.kr/Item?goodscode=163639234
Dole 바나나 (봉),3980,종합몰,http://item.gmarket.co.kr/Item?goodscode=1703332333
그린키위 국산 참다래 출하 / 5kg (65과전후 중과),17550,임실농원,http://item.gmarket.co.kr/Item?goodscode=168285652
오렌지 썬키스트(미국) 네이블 20개입 (190g내외),22200,오렌지씨,http://item.gmarket.co.kr/Item?goodscode=1486763410
미국산 씨없는청포도 (800G/팩),6820,종합몰,http://item.gmarket.co.kr/Item?goodscode=1482805066
거북농산 팬시레몬 165과/썬키스트레몬140과/라임,63360,거북이농산,http://item.gmarket.co.kr/Item?goodscode=710659946
행복누리-플로리다 햇자몽 22알/24알 붉은과육,23900,행복누리과일,http://item.gmarket.co.kr/Item?goodscode=186250181
(행사상품)프리미엄적포도 GEM 미국  900G 팩,5990,종합몰,http://item.gmarket.co.kr/Item?goodscode=854274343
미국산햇 레몬77알/썬키스트 77알/싸이즈선택,34900,월드청과,http://item.gmarket.co.kr/Item?goodscode=793955835
플로리다 레드자몽 23과,26900,열매스토어(주),http://item.gmarket.co.kr/Item?goodscode=1131230655
거북농산 플로리다 자몽56과  메로골드(청자몽)48,38170,거북이농산,http://item.gmarket.co.kr/Item?goodscode=784191605
슈퍼푸드 아보카도10개,15900,코코카트코리아,http://item.gmarket.co.kr/Item?goodscode=1401589720
항공직송 블루베리 칠레  310G 팩,8990,종합몰,http://item.gmarket.co.kr/Item?goodscode=724321323
이룸 국내산냉동딸기 1KG,6990,종합몰,http://item.gmarket.co.kr/Item?goodscode=955111366
코끼리망고 5kg - 8과 망고,49900,퓨테라,http://item.gmarket.co.kr/Item?goodscode=1710456055
초L)스위트마운틴바나나 필리핀산,2920,종합몰,http://item.gmarket.co.kr/Item?goodscode=1482571886
플로리다 레드 자몽15알,19900,월드청과,http://item.gmarket.co.kr/Item?goodscode=779979173
정품 썬키스트 팬시레몬 22과,11900,팜플러스☆,http://item.gmarket.co.kr/Item?goodscode=1650537367
이룸 골드망고 베트남산  1KG,6990,종합몰,http://item.gmarket.co.kr/Item?goodscode=1101472233
필리핀 골드 파인애플 12수 12kg 특가,19900,열매스토어(주),http://item.gmarket.co.kr/Item?goodscode=1128616342
후레쉬레드 자몽20과/크기선택  빨강자몽,18550,깐깐한 품질...우리존,http://item.gmarket.co.kr/Item?goodscode=673148704
에이치엘사이언스  미녀들의 시크릿 빨강석류 63포 (21포x3박스),62000,현대홈쇼핑,http://item.gmarket.co.kr/Item?goodscode=1589739583
냉동 패션후르츠 백향과 5kg(1kgX5봉) 열대과일,21380,goodsea,http://item.gmarket.co.kr/Item?goodscode=1616861068
태국 망고18개 5kg,47510,팜플러스☆,http://item.gmarket.co.kr/Item?goodscode=1678566649
석류 중소과 18과내외 5kg(캘리포니아),27460,감동몰,http://item.gmarket.co.kr/Item?goodscode=1705000759
정품 팬시 레몬 40과,16960,코코카트코리아,http://item.gmarket.co.kr/Item?goodscode=1678558740
거북농산 미국 네이블오렌지 113과 칠레네이블56과,57900,거북이농산,http://item.gmarket.co.kr/Item?goodscode=1255880282
용과 드래곤후르츠 대과 10과 5kg 1박스  베트남,32110,오렌지씨,http://item.gmarket.co.kr/Item?goodscode=1217625042
미국산 햇레몬21알/ 썬키스트 21알/싸이즈선택,10900,월드청과,http://item.gmarket.co.kr/Item?goodscode=779990815
dole 스위티오 잎 뗀 골드 파인애플 5입,11900,대한농산(G),http://item.gmarket.co.kr/Item?goodscode=1513417073
발렌시아 오렌지20과,17530,팜플러스☆,http://item.gmarket.co.kr/Item?goodscode=182385616
아보카도 멕시코  5-7입 팩,9990,종합몰,http://item.gmarket.co.kr/Item?goodscode=1223461496
이룸 미국산냉동블루베리 1KG,6990,종합몰,http://item.gmarket.co.kr/Item?goodscode=701551276
햇 생 체리 800g(10.5R) 칠레산 /2개 구매시 1.8kg발송,18190,자연마루몰,http://item.gmarket.co.kr/Item?goodscode=948210885
아보카도 10개,16900,팜플러스☆,http://item.gmarket.co.kr/Item?goodscode=622331568
제스프리 햇 골드키위20과( 점보사이즈 옵션),24210,과일타운,http://item.gmarket.co.kr/Item?goodscode=107020483
미국산 씨없는적포도 (800G/팩),6990,종합몰,http://item.gmarket.co.kr/Item?goodscode=1482805039
Morning 컷파인애플 1KG 팩,10990,종합몰,http://item.gmarket.co.kr/Item?goodscode=749187138
(행사상품)레몬 7-12입 미국  봉,7990,종합몰,http://item.gmarket.co.kr/Item?goodscode=753920814
포도 껍질째먹는 적포도 크림슨 8.2kg 1박스,41900,오렌지씨,http://item.gmarket.co.kr/Item?goodscode=1498652403
거북농산 제스프리그린키위 5kg 57개/국산참다래 5kg,20500,거북이농산,http://item.gmarket.co.kr/Item?goodscode=814427367
시아스 미국산 A그레이드 냉동 블루베리  3kg무료배송,21900,정직한밥상,http://item.gmarket.co.kr/Item?goodscode=766091523
제스프리 골드키위 2kg/3kg 크기선택,25650,월드청과,http://item.gmarket.co.kr/Item?goodscode=794465858
제스프리 골드키위 제주  팩,14990,종합몰,http://item.gmarket.co.kr/Item?goodscode=766019214
고당도 네이블 오렌지 중과 18~30과,19070,열매스토어(주),http://item.gmarket.co.kr/Item?goodscode=1131840319
신선한 태국그린망고5kg (14~22과),49400,엠파이어망고1,http://item.gmarket.co.kr/Item?goodscode=825225926
거북농산 국산참다래 10kg,36500,거북이농산,http://item.gmarket.co.kr/Item?goodscode=882259456
아보카도 중과 10입(개당 170g),17150,썬밸리마켓,http://item.gmarket.co.kr/Item?goodscode=1265597948
석류3kg 1박스(특품9과-13과)/냉동석류2.5kg 선택구매,27600,깐깐한 품질...우리존,http://item.gmarket.co.kr/Item?goodscode=159361862
제스프리 하루2알그린키위  팩,11990,종합몰,http://item.gmarket.co.kr/Item?goodscode=834291420
청포도 미국산 씨없는 탐슨시들러스 8.2kg내외 1박스,47230,오렌지씨,http://item.gmarket.co.kr/Item?goodscode=1354494729
아름다운 습관 석류100 (총100팩/4박스  70ml 30팩 3박스  +  70ml 10팩 1박스),69900,현대홈쇼핑,http://item.gmarket.co.kr/Item?goodscode=1628051613
고당도 레드자몽 22과  빨강자몽 다이어트과일,22800,깐깐한 품질...우리존,http://item.gmarket.co.kr/Item?goodscode=657313788
코코넛 베트남 코코넛 9과 1박스(9kg) 다이아몬드컷팅,21000,오렌지씨,http://item.gmarket.co.kr/Item?goodscode=1459535878
싱싱한 석류 5kg (16~18과 중소과) 대용량,28310,원시인농산,http://item.gmarket.co.kr/Item?goodscode=1510750936
(생과일) 석류 미국산 10-11과 랜덤 (5kg) 1박스 특대,45000,오렌지씨,http://item.gmarket.co.kr/Item?goodscode=1150441217
거북농산 미국산석류 5kg 15과 13과  당도좋음,30190,거북이농산,http://item.gmarket.co.kr/Item?goodscode=1506998567
돌 유기농 바나나 500G(팩),2480,종합몰,http://item.gmarket.co.kr/Item?goodscode=1698754246
냉동 패션후르츠1kgx5개/냉동과일/망고,21760,e-자연이야기,http://item.gmarket.co.kr/Item?goodscode=777803618
8.5kg  엠파크 캘리포니아 씨없는 적포도(박스당 8-10봉),37950,K쇼핑,http://item.gmarket.co.kr/Item?goodscode=1703110472
점보레몬 미국  개,1480,종합몰,http://item.gmarket.co.kr/Item?goodscode=878094889
체리 칠레  800G 팩,16990,종합몰,http://item.gmarket.co.kr/Item?goodscode=701011854
페루애플망고 점보  개,5990,종합몰,http://item.gmarket.co.kr/Item?goodscode=779678175
칠레산 생체리 9.5R 1kg / 500g 옵션,24900,제니망고,http://item.gmarket.co.kr/Item?goodscode=800127737
(미리주문)미녀들의시크릿 빨강석류,122550,현대홈쇼핑,http://item.gmarket.co.kr/Item?goodscode=903330996
오렌지 썬키스트(미국)  네이블 20개입(230g내외),27200,오렌지씨,http://item.gmarket.co.kr/Item?goodscode=1502718540
미국산 네이블 오렌지 대과 20입 (2개사면 5입 증정),26500,썬밸리마켓,http://item.gmarket.co.kr/Item?goodscode=1250825456
페루 애플망고 4kg 10과~12과 / 2kg 5kg옵션,51900,제니망고,http://item.gmarket.co.kr/Item?goodscode=833578903
Dole 미들랜드바나나 송이,2990,종합몰,http://item.gmarket.co.kr/Item?goodscode=1674352236
플로리다 레드자몽 벌크 56~36과 수입 원박스 B급옵션,52900,열매스토어(주),http://item.gmarket.co.kr/Item?goodscode=1131244331
자몽  플로리다 레드 자몽 중과 10개입(350g내외),20800,오렌지씨,http://item.gmarket.co.kr/Item?goodscode=1437012004
뉴질랜드)달콤한 골드키위 8입(팩),8800,종합몰,http://item.gmarket.co.kr/Item?goodscode=1518112118
강블리라이프 블링 블루베리 1kg,5230,지피클럽,http://item.gmarket.co.kr/Item?goodscode=1568742773
항공직송 석류 7개(개당310g내외),20900,팜플러스☆,http://item.gmarket.co.kr/Item?goodscode=1711103553
제스프리 골드키위32과/크기별선택 품질보증과일,36860,깐깐한 품질...우리존,http://item.gmarket.co.kr/Item?goodscode=102402747
제스프리 그린키위 (10입/팩),7990,종합몰,http://item.gmarket.co.kr/Item?goodscode=1482833250
Dole 스위티오 잎뗀 파인애플  (5수),11900,생생스토리,http://item.gmarket.co.kr/Item?goodscode=1548139799
리얼허니 블랙사파이어포도 600G,7790,종합몰,http://item.gmarket.co.kr/Item?goodscode=1551664511
거북농산 국산참다래/제스프리정품키위 5kg 4kg 3kg,12350,거북이농산,http://item.gmarket.co.kr/Item?goodscode=370517912
톰슨 시들리스 청포도 씨없는포도 2KG,19710,부평농산,http://item.gmarket.co.kr/Item?goodscode=1621020519
생 블루베리 1.5kg/12팩  1박스  칠레산,36500,오렌지씨,http://item.gmarket.co.kr/Item?goodscode=1681003041
거북농산 영양만점 용과 5kg 9-10개,29500,거북이농산,http://item.gmarket.co.kr/Item?goodscode=851710902

오렌지
오렌지 썬키스트(미국) 네이블 20개입 (190g내외),22200,오렌지씨,http://item.gmarket.co.kr/Item?goodscode=1486763410
거북농산 미국 네이블오렌지 113과 칠레네이블56과,57900,거북이농산,http://item.gmarket.co.kr/Item?goodscode=1255880282
발렌시아 오렌지20과,17530,팜플러스☆,http://item.gmarket.co.kr/Item?goodscode=182385616
고당도 네이블 오렌지 중과 18~30과,19070,열매스토어(주),http://item.gmarket.co.kr/Item?goodscode=1131840319
오렌지 썬키스트(미국)  네이블 20개입(230g내외),27200,오렌지씨,http://item.gmarket.co.kr/Item?goodscode=1502718540
미국산 네이블 오렌지 대과 20입 (2개사면 5입 증정),26500,썬밸리마켓,http://item.gmarket.co.kr/Item?goodscode=1250825456
단단한 남아공 오렌지20알/ 중/대/소,21760,월드청과,http://item.gmarket.co.kr/Item?goodscode=782661411
거북농산 미국네이블오렌지/칠레산네이블오렌지 40개,25000,거북이농산,http://item.gmarket.co.kr/Item?goodscode=644269030
거북농산 미국 네이블오렌지 113과 칠레네이블56과,57480,거북이농산,http://item.gmarket.co.kr/Item?goodscode=658613418
당도선별 오렌지(16입/박스),9660,종합몰,http://item.gmarket.co.kr/Item?goodscode=1589764683
네이블 오렌지 20과 미국산 /2개구매시 45과발송,15900,자연마루몰,http://item.gmarket.co.kr/Item?goodscode=1533652634
(스프링타임)  1/13(월)순차출고  자연느낌그대로 수입과일세트 3호(오렌지+애플망고),80000,종합몰,http://item.gmarket.co.kr/Item?goodscode=1243797416
거북농산 미국네이블오렌지 20개 싱싱합니다,14190,거북이농산,http://item.gmarket.co.kr/Item?goodscode=1124968000
네이블오렌지(6~8입/봉),6820,종합몰,http://item.gmarket.co.kr/Item?goodscode=1529953048
오렌지 썬키스트(미국)  네이블 10개입(230g내외),15800,오렌지씨,http://item.gmarket.co.kr/Item?goodscode=1502717894
미국)네이블오렌지 7입(봉),7980,종합몰,http://item.gmarket.co.kr/Item?goodscode=1486627999
오렌지 씨없는 네이블 / 4kg 20과내외 중과,20700,임실농원,http://item.gmarket.co.kr/Item?goodscode=988455512
산들정/프리미엄 고당도 네이블 오렌지 30과(중과),30900,경북사과산들정,http://item.gmarket.co.kr/Item?goodscode=1675784741
초록들농산 미국 네이블오렌지 113과 칠레네이블56과,60500,초록들 농산,http://item.gmarket.co.kr/Item?goodscode=824773910
오렌지 썬키스트(미국)  네이블 10개입 (300g내외),19600,오렌지씨,http://item.gmarket.co.kr/Item?goodscode=1207019246
오렌지 네이블 50과 미국산 /2개구매시 105과발송,29900,자연마루몰,http://item.gmarket.co.kr/Item?goodscode=1602315015
네이블오렌지(호주산)4~7입/봉,6990,종합몰,http://item.gmarket.co.kr/Item?goodscode=1482846547
네이블당도선별오렌지(특/개),770,종합몰,http://item.gmarket.co.kr/Item?goodscode=1544260775
오렌지 썬키스트(미국)  네이블 88과(18kg) 1박스,85500,오렌지씨,http://item.gmarket.co.kr/Item?goodscode=1277739463
원시인농산 오렌지 씨없는 네이블 9kg 42과전후 대용량,43610,원시인농산,http://item.gmarket.co.kr/Item?goodscode=159566344
오렌지 기획(12입/팩),9660,종합몰,http://item.gmarket.co.kr/Item?goodscode=1482609195
오렌지(스페인산)5~8입/봉,6990,종합몰,http://item.gmarket.co.kr/Item?goodscode=1482822788
오렌지 썬키스트(미국) 네이블  56과(18kg) 1박스,89500,오렌지씨,http://item.gmarket.co.kr/Item?goodscode=1253621609
미국산 네이블 오렌지 중소과 113과,60500,썬밸리마켓,http://item.gmarket.co.kr/Item?goodscode=1335513084
가락마켓  레몬 5kg / 소과,24900,다이소몰,http://item.gmarket.co.kr/Item?goodscode=1399397813
MS/레이지 레몬주스 200ml 레몬원액 레몬즙 레몬쥬스,950,파인스낵,http://item.gmarket.co.kr/Item?goodscode=1619832456
썬키스트 오렌지.사과.머스캣 석류 망고 180mlx30캔,10310,비전코리아스토어,http://item.gmarket.co.kr/Item?goodscode=1173747725
썬키스트 오렌지.사과.머스캣 석류 망고 180mlx30캔x3,34790,비전코리아스토어,http://item.gmarket.co.kr/Item?goodscode=1174188833
썬키스트 오렌지.사과.머스캣 석류 망고 180mlx30캔x3,38370,카카오토,http://item.gmarket.co.kr/Item?goodscode=1438891290
썬키스트 오렌지.사과.머스캣 석류 망고 180ml x 30캔,7970,모든G마켓,http://item.gmarket.co.kr/Item?goodscode=1148402210
썬키스트 오렌지.사과.머스캣 석류 망고 180mlx30캔,8740,통큰스토어,http://item.gmarket.co.kr/Item?goodscode=1290631882
썬키스트 오렌지.사과.머스캣 석류 망고 180mlx30캔x3,29490,통큰스토어,http://item.gmarket.co.kr/Item?goodscode=1290656450
썬키스트 오렌지.사과.머스캣 석류 망고 180ml x 30캔,8160,지굴,http://item.gmarket.co.kr/Item?goodscode=1638864443
썬키스트 오렌지.사과.머스캣 석류 망고 180mlx30캔x3,29660,통큰스토어,http://item.gmarket.co.kr/Item?goodscode=1446696963
네이블 오렌지(호주산/개),1190,종합몰,http://item.gmarket.co.kr/Item?goodscode=1482626947
10+1 오렌지선물세트(12입),29900,종합몰,http://item.gmarket.co.kr/Item?goodscode=1493558509
썬키스트(미국) 네이블 오렌지 88과(17kg) 1박스/,110000,종합몰,http://item.gmarket.co.kr/Item?goodscode=1536559613
오렌지 미국산 네이블 / 9kg 42과전후 중과 대용량,45900,원시인농산,http://item.gmarket.co.kr/Item?goodscode=1646135390
썬키스트 오렌지.사과.머스캣 석류 망고 180mlx30캔x3,29670,워니의샵,http://item.gmarket.co.kr/Item?goodscode=1451443998
썬키스트 오렌지.사과.머스캣 석류 망고 180ml x 30캔,8460,핑킵,http://item.gmarket.co.kr/Item?goodscode=1652718202
썬키스트 오렌지.사과.머스캣 석류 망고 180ml x 30캔,8460,워니의샵,http://item.gmarket.co.kr/Item?goodscode=1659277349
썬키스트 오렌지.사과.머스캣 석류 망고 180ml x 30캔,28440,워니의샵,http://item.gmarket.co.kr/Item?goodscode=1659279459
썬키스트 오렌지.사과.머스캣 석류 망고 180ml x 30캔,8490,카카오토,http://item.gmarket.co.kr/Item?goodscode=1659557018
(빛담은)  정담  SSG프리미엄패키지  빛담은 자몽 오렌지 선물세트 4.3kg 13과(오렌지7과  자몽6과),35500,종합몰,http://item.gmarket.co.kr/Item?goodscode=741982344
(팸쿡) 가락시장직송 오렌지 1개 (개당200g내외),1900,종합몰,http://item.gmarket.co.kr/Item?goodscode=1335144442
썬키스트 고당도 오렌지 선물세트 예약상품 2019.01.14 부터 발송 /,23900,종합몰,http://item.gmarket.co.kr/Item?goodscode=1540585614
썬키스트 오렌지.사과.머스캣 석류 망고 180ml x 30캔,8460,핑크피그8282,http://item.gmarket.co.kr/Item?goodscode=1655344082
썬키스트 오렌지.사과.머스캣 석류 망고 180ml x 30캔,28440,핑크피그8282,http://item.gmarket.co.kr/Item?goodscode=1655346801
카프리썬 멀티 비타민 200ml x 20팩 코스트코,12260,한결상점,http://item.gmarket.co.kr/Item?goodscode=613277556
고당도 퓨어스펙 오렌지 5kg (27-30과)/개당 160g내외/ 롯데식품관,21500,종합몰,http://item.gmarket.co.kr/Item?goodscode=647749709
롯데닷컴 프리미엄 햇살아름 자몽 오렌지 혼합세트 4.3kg 13과/ 명절명가,45900,종합몰,http://item.gmarket.co.kr/Item?goodscode=705354967
레몬주스(농축 퍼시픽초이스 200ml)X12/레몬쥬스 레몬,24600,스토어드림,http://item.gmarket.co.kr/Item?goodscode=993225678
햇살아름 네이블 오렌지 선물세트 3.2kg 10과/ 롯데식품관,35900,종합몰,http://item.gmarket.co.kr/Item?goodscode=1205217211
햇살아름 네이블 오렌지 선물세트 3.2kg 13과/ 롯데식품관,32800,종합몰,http://item.gmarket.co.kr/Item?goodscode=1205217214
(스프링타임)  1/13(월)순차출고  자연느낌그대로 수입과일세트 1호(아보카도+오렌지+석류),60000,종합몰,http://item.gmarket.co.kr/Item?goodscode=1243797231
(스프링타임)  1/13(월)순차출고  자연느낌그대로 프리미엄 수입과일세트 1호(아보카도+오렌지+석류+애...,100000,종합몰,http://item.gmarket.co.kr/Item?goodscode=1243797608
(스프링타임)  1/13(월)순차출고  자연느낌그대로 프리미엄 수입과일세트 2호(아보카도+오렌지+석류),80000,종합몰,http://item.gmarket.co.kr/Item?goodscode=1243797690
(스프링타임)  1/13(월)순차출고  자연느낌그대로 프리미엄 수입과일세트 3호(애플망고+오렌지),110000,종합몰,http://item.gmarket.co.kr/Item?goodscode=1243797791
(스프링타임)  1/13(월)순차출고  자연느낌그대로 프리미엄 수입과일세트 4호(애플망고+오렌지+석류),65000,종합몰,http://item.gmarket.co.kr/Item?goodscode=1243797881
퓨어스펙 블랙라벨 네이블 오렌지 10개 (개당 200g 내외)/ 푸르젠,9710,종합몰,http://item.gmarket.co.kr/Item?goodscode=1284066277
퓨어스펙 블랙라벨 네이블 오렌지 10개 (개당 250g 내외)/ 푸르젠,12900,종합몰,http://item.gmarket.co.kr/Item?goodscode=1284066278
퓨어스펙 블랙라벨 네이블 오렌지 20개 (개당 200g 내외)/ 푸르젠,15900,종합몰,http://item.gmarket.co.kr/Item?goodscode=1284066291
퓨어스펙 블랙라벨 네이블 오렌지 15개 (개당 250g 내외)/ 푸르젠,17900,종합몰,http://item.gmarket.co.kr/Item?goodscode=1284066308
퓨어스펙 블랙라벨 오렌지 3kg (개당 200g 내외) / 박스포함 중량/ 푸르젠,11900,종합몰,http://item.gmarket.co.kr/Item?goodscode=1284066432
퓨어스펙 블랙라벨 오렌지 3kg (개당 250g 내외) / 박스포함 중량/ 푸르젠,14610,종합몰,http://item.gmarket.co.kr/Item?goodscode=1284066442
퓨어스펙 블랙라벨 오렌지 5kg (개당 200g 내외) / 박스포함 중량/ 푸르젠,17550,종합몰,http://item.gmarket.co.kr/Item?goodscode=1284066469
퓨어스펙 블랙라벨 오렌지 5kg (개당 250g 내외) / 박스포함 중량/ 푸르젠,22900,종합몰,http://item.gmarket.co.kr/Item?goodscode=1284066474
퓨어스펙 블랙라벨 오렌지 9kg (개당 200g 내외) / 박스포함 중량/ 푸르젠,31270,종합몰,http://item.gmarket.co.kr/Item?goodscode=1284066485
퓨어스펙 블랙라벨 오렌지 9kg (개당 250g 내외) / 박스포함 중량/ 푸르젠,37150,종합몰,http://item.gmarket.co.kr/Item?goodscode=1284066914
1/13(월)순차출고  햇살아름네이블 오렌지 선물세트 3kg 13과내외,35900,종합몰,http://item.gmarket.co.kr/Item?goodscode=1470823630
1/13(월)순차출고  햇살아름네이블 오렌지 선물세트 2.7kg 10과내외,32800,종합몰,http://item.gmarket.co.kr/Item?goodscode=1470823666
햇살아름 네이블 오렌지 선물세트 3kg 13과내외/ 롯데식품관,38500,종합몰,http://item.gmarket.co.kr/Item?goodscode=1472997670
햇살아름 네이블 오렌지 선물세트 2.7kg 10과내외/ 롯데식품관,29900,종합몰,http://item.gmarket.co.kr/Item?goodscode=1472997671
당도선별오렌지(개),870,종합몰,http://item.gmarket.co.kr/Item?goodscode=1482743518
블랙라벨 고당도 오렌지 44과(중과),25020,종합몰,http://item.gmarket.co.kr/Item?goodscode=1496867981
썬키스트(미국) 네이블 오렌지 30개입 (190g내외)/,40500,종합몰,http://item.gmarket.co.kr/Item?goodscode=1536559606
썬키스트(미국) 네이블 오렌지 20과(190g내외)/,29000,종합몰,http://item.gmarket.co.kr/Item?goodscode=1536559608
썬키스트(미국) 네이블 오렌지 10개입(190g내외)/,17000,종합몰,http://item.gmarket.co.kr/Item?goodscode=1536559610
썬키스트(미국) 네이블 오렌지 10개입(230g내외)/,20000,종합몰,http://item.gmarket.co.kr/Item?goodscode=1539813870
썬키스트(미국) 네이블 오렌지 72과(17kg) 1박스/,112000,종합몰,http://item.gmarket.co.kr/Item?goodscode=1539813873
오렌지(스페인산),1290,종합몰,http://item.gmarket.co.kr/Item?goodscode=1560063617
가락24 퓨어스팩고당도 오렌지 30입 6kg내외/행복/ 가락24,28900,종합몰,http://item.gmarket.co.kr/Item?goodscode=1574118778
가락24 퓨어스팩고당도 오렌지 28입 7kg내외/행복/ 가락24,36900,종합몰,http://item.gmarket.co.kr/Item?goodscode=1574118779
(참다올) 미국산 레드자몽 골드사이즈(개당330g내외40과),65000,종합몰,http://item.gmarket.co.kr/Item?goodscode=1578097937
(참다올) 미국산 레드자몽 골드사이즈(개당330g내외 15과),29000,종합몰,http://item.gmarket.co.kr/Item?goodscode=1578097966
(참다올) 미국산 레드자몽 골드사이즈(개당330g내외 6과),15000,종합몰,http://item.gmarket.co.kr/Item?goodscode=1578097979
대디스팜  멕시코 페르시안 생라임 6과,12000,종합몰,http://item.gmarket.co.kr/Item?goodscode=1617413088
대디스팜  멕시코 페르시안 생라임 15과,21900,종합몰,http://item.gmarket.co.kr/Item?goodscode=1617413189
대디스팜  멕시코 페르시안 생라임 25과,35000,종합몰,http://item.gmarket.co.kr/Item?goodscode=1617413214
대디스팜  멕시코 페르시안 생라임 48과,57900,종합몰,http://item.gmarket.co.kr/Item?goodscode=1617413350
썬키스트 발렌시아 오렌지 중과 88과 1박스(17kg내외)/ 오렌지씨,50960,종합몰,http://item.gmarket.co.kr/Item?goodscode=1621466291
썬키스트 발렌시아 오렌지 중과 30개입(190g내외)/ 오렌지씨,21560,종합몰,http://item.gmarket.co.kr/Item?goodscode=1621466347
썬키스트 발렌시아 오렌지 중과 20개입(190g내외)/ 오렌지씨,15680,종합몰,http://item.gmarket.co.kr/Item?goodscode=1621466349
(팜스플러스) 발렌시아 오렌지 20과(개당200g내외/미국산)  수입과일,24500,종합몰,http://item.gmarket.co.kr/Item?goodscode=1627382821
P 네이블오렌지(호주산)특대/개,1690,종합몰,http://item.gmarket.co.kr/Item?goodscode=1645965498

자몽
(Gtable) 씻어나온 왕자몽 6과 (청자몽),10900,자연마루몰,http://item.gmarket.co.kr/Item?goodscode=1711515493
레드자몽 25과,25900,팜플러스☆,http://item.gmarket.co.kr/Item?goodscode=204544702
행복누리-플로리다 햇자몽 22알/24알 붉은과육,23900,행복누리과일,http://item.gmarket.co.kr/Item?goodscode=186250181
플로리다 레드자몽 23과,26900,열매스토어(주),http://item.gmarket.co.kr/Item?goodscode=1131230655
거북농산 플로리다 자몽56과  메로골드(청자몽)48,38170,거북이농산,http://item.gmarket.co.kr/Item?goodscode=784191605
플로리다 레드 자몽15알,19900,월드청과,http://item.gmarket.co.kr/Item?goodscode=779979173
고당도 레드자몽 22과  빨강자몽 다이어트과일,22800,깐깐한 품질...우리존,http://item.gmarket.co.kr/Item?goodscode=657313788
플로리다 레드자몽 벌크 56~36과 수입 원박스 B급옵션,52900,열매스토어(주),http://item.gmarket.co.kr/Item?goodscode=1131244331
자몽  플로리다 레드 자몽 중과 10개입(350g내외),20800,오렌지씨,http://item.gmarket.co.kr/Item?goodscode=1437012004
고당도 빨강자몽22과/다이어트과일,19800,깐깐한 품질...우리존,http://item.gmarket.co.kr/Item?goodscode=128425103
플로리다 레드자몽 중과 20입,26900,썬밸리마켓,http://item.gmarket.co.kr/Item?goodscode=1250814856
거북농산 플로리다자몽 20개/청자몽(메로골드)20개,17130,거북이농산,http://item.gmarket.co.kr/Item?goodscode=810022711
싱싱한 플로리다 다크레드 햇자몽 15알 (특대과 옵션),18900,후르츠하우스.,http://item.gmarket.co.kr/Item?goodscode=1577387404
(행사상품)자몽 미국산  박스 8-11입,12990,종합몰,http://item.gmarket.co.kr/Item?goodscode=876137869
메로골드 청 스위티자몽 특과 10과 4kg 내외,22900,장보리샵,http://item.gmarket.co.kr/Item?goodscode=1713119301
메로골드 미국  개 특대,2590,종합몰,http://item.gmarket.co.kr/Item?goodscode=758825157
플로리다 레드자몽 중과 48과,58900,썬밸리마켓,http://item.gmarket.co.kr/Item?goodscode=1335487791
자몽  플로리다 레드 자몽 대과 10개입 (380g내외),22800,오렌지씨,http://item.gmarket.co.kr/Item?goodscode=1436978172
미국산 레드자몽 20과(중대과/300g내외),21900,(주)오키농산,http://item.gmarket.co.kr/Item?goodscode=1712272690
플로리다 햇 레드  자몽18알(400g특대과옵션),22900,과일타운,http://item.gmarket.co.kr/Item?goodscode=110832580
레드 자몽 특15과/2개구매시 33과발송,31260,자연마루몰,http://item.gmarket.co.kr/Item?goodscode=1591396883
미국산 청자몽 메로골드 10과(대과/400g내외),15900,(주)오키농산,http://item.gmarket.co.kr/Item?goodscode=1699566300
레드 자몽 대과 40개 15kg 1박스,68500,달달망고,http://item.gmarket.co.kr/Item?goodscode=1645370471
레드 자몽 대18과/2개주문시 39개발송,32900,자연마루몰,http://item.gmarket.co.kr/Item?goodscode=1522907580
플로리다 레드자몽 대과 15입(개당 350g)/ 썬밸리마켓,28800,종합몰,http://item.gmarket.co.kr/Item?goodscode=1709746713
빨강자몽 대용량1박스(50~35과)크기선택 레드자몽,49000,깐깐한 품질...우리존,http://item.gmarket.co.kr/Item?goodscode=657315352
플로리다 다크레드 자몽 10과,14000,비티원후르츠,http://item.gmarket.co.kr/Item?goodscode=773539021
(Gtable) 씻어나온 왕자몽 6과 (레드자몽),14310,자연마루몰,http://item.gmarket.co.kr/Item?goodscode=1710035234
레드 자몽 25과 소과,23900,정글과일,http://item.gmarket.co.kr/Item?goodscode=1537328975
속이 빨간 레드자몽  4kg (10과전후 중과),18470,임실농원,http://item.gmarket.co.kr/Item?goodscode=162280794
플로리다 자몽 중과 대과사이즈 22알 (약7.2kg),23900,행복누리과일,http://item.gmarket.co.kr/Item?goodscode=1469534851
플로리다 레드자몽 8과,11900,열매스토어(주),http://item.gmarket.co.kr/Item?goodscode=1131834119
메로골드 청 스위티자몽 대과 13과 4kg 내외,19900,장보리샵,http://item.gmarket.co.kr/Item?goodscode=1713119361
자몽 4~5입/봉,7900,종합몰,http://item.gmarket.co.kr/Item?goodscode=1486629280
스위티 메로골드 청자몽 4kg 대과 13과,18200,오버파워,http://item.gmarket.co.kr/Item?goodscode=1712362736
미국산 청자몽 메로골드 점보대과 10입(개당 약 520g),19200,썬밸리마켓,http://item.gmarket.co.kr/Item?goodscode=1699297919
플로리다 햇자몽 중과 대과 (4.5kg) 15알 붉은과육,17900,행복누리과일,http://item.gmarket.co.kr/Item?goodscode=812646640
자몽(미국산)4~6입/봉,9900,종합몰,http://item.gmarket.co.kr/Item?goodscode=1482833266
자몽 (미국산/개),1260,종합몰,http://item.gmarket.co.kr/Item?goodscode=1481858071
(오키농산) 미국산 청자몽 메로골드 10과(대과/400g내외),15900,종합몰,http://item.gmarket.co.kr/Item?goodscode=1700871293
후레쉬 자몽 3kg 9과내외 (8 10과)/ 롯데식품관,12900,종합몰,http://item.gmarket.co.kr/Item?goodscode=361521203
자몽 미국  개 특대,1990,종합몰,http://item.gmarket.co.kr/Item?goodscode=738140876
라임 멕시코  개,1990,종합몰,http://item.gmarket.co.kr/Item?goodscode=1463871287
레드자몽 10과,12900,팜플러스☆,http://item.gmarket.co.kr/Item?goodscode=1718117212
캘리포니아 청자몽 메로골드 2kg(6과)/ 과당시,8900,종합몰,http://item.gmarket.co.kr/Item?goodscode=1710644259
레드 자몽 중20과/2개구매시 43과발송,28900,자연마루몰,http://item.gmarket.co.kr/Item?goodscode=807882505
레드 자몽 즙용(비품) 45과 내외,49900,자연마루몰,http://item.gmarket.co.kr/Item?goodscode=831787816
자몽(남아공산/개),1290,종합몰,http://item.gmarket.co.kr/Item?goodscode=1482703058
제  남아공산 자몽 4-6입/봉,6820,종합몰,http://item.gmarket.co.kr/Item?goodscode=1507829965
커클랜드 홍자몽 쥬스 2.84L 2병/루비레드주스/덴마크,12400,로즈마트,http://item.gmarket.co.kr/Item?goodscode=159044501
(행사상품)상큼한라임 멕시코산  3입 팩,5490,종합몰,http://item.gmarket.co.kr/Item?goodscode=1271329669
자몽  플로리다 레드 자몽 중과 25개입(350g내외),46500,오렌지씨,http://item.gmarket.co.kr/Item?goodscode=1436987362
싱싱하고 큰 레드 자몽 4kg 8~10과 꿀자몽 특품,19800,달달과수원,http://item.gmarket.co.kr/Item?goodscode=1370974807
플로리다 자몽 6과/대과/2019년산/개당400g내외,16900,맘스바스켓,http://item.gmarket.co.kr/Item?goodscode=875146678
멜로골드5개 메로골드 미국산청자몽 자연향기,15000,자연향기유기농풍년,http://item.gmarket.co.kr/Item?goodscode=1221719888
플로리다산 레드자몽 20과 5kg내외 / 10과 소~대옵션,24900,제니망고,http://item.gmarket.co.kr/Item?goodscode=740131537
플로리다 레드자몽 15kg 56과 48과 40과,60900,제니망고,http://item.gmarket.co.kr/Item?goodscode=859680210
남아공 레드자몽 40입/무료배송,90000,행복한열매,http://item.gmarket.co.kr/Item?goodscode=1477450156
플로리다 레드자몽 15과 메로골드자몽(청자몽),21800,명성코너,http://item.gmarket.co.kr/Item?goodscode=1568943432
프리미엄 자몽 선물세트 / 출고일 지정 가능,21900,비티원후르츠,http://item.gmarket.co.kr/Item?goodscode=836074361
생 라임 850g 10과내외(중간크기 8-12)/라임청 과일,9200,깐깐한 품질...우리존,http://item.gmarket.co.kr/Item?goodscode=874684493
프리미엄 프레쉬 자몽(32과) 10과 특대과/ 팸쿡,26230,종합몰,http://item.gmarket.co.kr/Item?goodscode=1591274287
썬키스트 초이스 레몬 20과/크기별선택/비타민과일,12500,깐깐한 품질...우리존,http://item.gmarket.co.kr/Item?goodscode=117286663
톡쏘는 냉동 레드자몽2.0kg (500gx4팩)/껍질제거편리,23750,깐깐한 품질...우리존,http://item.gmarket.co.kr/Item?goodscode=734486530
톡쏘는 냉동 레드자몽3.0kg (500gx6팩)/껍질제거편리,36000,깐깐한 품질...우리존,http://item.gmarket.co.kr/Item?goodscode=734489911
속이 빨간 레드자몽 6kg내 16과전후 중과,29900,원시인농산,http://item.gmarket.co.kr/Item?goodscode=918442876
(올프레쉬)  과일소믈리에 자몽 낱개,1900,종합몰,http://item.gmarket.co.kr/Item?goodscode=991632019
꿀조합 주스 키트 STEP4. 모히또 만들기 (라임6과 애플민트20g)/ 팸쿡,13230,종합몰,http://item.gmarket.co.kr/Item?goodscode=1591840450
고당도 빨강 햇자몽 10과/크기선택 맛있는과일 우리존,12800,깐깐한 품질...우리존,http://item.gmarket.co.kr/Item?goodscode=176305837
후레쉬 자몽4kg(11과내외)/달콤쌉싸름한 오묘한 매력의 비타민과일 / 롯데식품관,14510,종합몰,http://item.gmarket.co.kr/Item?goodscode=628823475
톡쏘는 냉동 레드자몽 (500gx1팩)/껍질을제거하여편리,6000,깐깐한 품질...우리존,http://item.gmarket.co.kr/Item?goodscode=734484729
톡쏘는 냉동 레드자몽1.5kg (500gx3팩)/껍질제거편리,20000,깐깐한 품질...우리존,http://item.gmarket.co.kr/Item?goodscode=734485707
속이빨간 루비레드 자몽 1.5KG (5입내외 4-6입)/박스,6500,종합몰,http://item.gmarket.co.kr/Item?goodscode=824738570
생 라임 17kg 200과내외(170-230)/라임청 건강과일,175000,깐깐한 품질...우리존,http://item.gmarket.co.kr/Item?goodscode=874694247
썬키스트 팬시레몬 2kg(19입내외)/ 우리존,18500,종합몰,http://item.gmarket.co.kr/Item?goodscode=939067085
((주)좋은꿈마케팅)  미인과친한 프리미엄 선물세트 자몽4.8kg내외(12과) 보자기동봉,27900,종합몰,http://item.gmarket.co.kr/Item?goodscode=1116172768
팬시레몬 썬키스트(미국) 중과(120g내외) 50개입/,37500,종합몰,http://item.gmarket.co.kr/Item?goodscode=1475585239
생라임 썬키스트정품 36과 (85g내외)/,36000,종합몰,http://item.gmarket.co.kr/Item?goodscode=1475586832
생라임 썬키스트정품 18과 (85g내외)/,20500,종합몰,http://item.gmarket.co.kr/Item?goodscode=1475586834
자몽(이스라엘) 4입/봉,5840,종합몰,http://item.gmarket.co.kr/Item?goodscode=1482826728
고당도 빨강자몽 3.5kg 10입/루비레드자몽,17900,종합몰,http://item.gmarket.co.kr/Item?goodscode=1484470300
자몽(남아공산) 9입/박스,9660,종합몰,http://item.gmarket.co.kr/Item?goodscode=1486233575
팬시레몬 썬키스트(미국) 중과(120g내외) 20개입/,18000,종합몰,http://item.gmarket.co.kr/Item?goodscode=1533002026
새콤한 프리미엄 레몬 20과 2.4kg/ 팸쿡,15890,종합몰,http://item.gmarket.co.kr/Item?goodscode=1591274267
새콤한 프리미엄 레몬 10과 1.2kg/ 팸쿡,11190,종합몰,http://item.gmarket.co.kr/Item?goodscode=1591274271
프리미엄 프레쉬 자몽(32과) 20과 특대과/ 팸쿡,46910,종합몰,http://item.gmarket.co.kr/Item?goodscode=1591274281
푸드야 냉동 자몽 1kg,9500,종합몰,http://item.gmarket.co.kr/Item?goodscode=1598565296
가락시장직송 레몬파슬리주스(레몬5과+이태리파슬리300g)/ 팸쿡,11900,종합몰,http://item.gmarket.co.kr/Item?goodscode=1614320112
(오키농산) 미국산 레드자몽 56과(중소과/250g내외) 14kg,45900,종합몰,http://item.gmarket.co.kr/Item?goodscode=1626752279
(오키농산) 미국산 레드자몽 20과(중소과/250g내외),19900,종합몰,http://item.gmarket.co.kr/Item?goodscode=1626752331
고당도 빨간자몽 스타루비 남아공 자몽 16kg 45과내외,67900,종합몰,http://item.gmarket.co.kr/Item?goodscode=1647579213
(오키농산) 미국산 청자몽 메로골드 48과(중과/330g내외) 16kg,44990,종합몰,http://item.gmarket.co.kr/Item?goodscode=1696939629
캘리포니아 청자몽 메로골드 6kg(18과)/ 과당시,18900,종합몰,http://item.gmarket.co.kr/Item?goodscode=1710644251
(현대Hmall) 자연의선택 새콤상큼자몽10kg(18-26과),53900,종합몰,http://item.gmarket.co.kr/Item?goodscode=443377789
(현대Hmall) 자연의선택 새콤상큼자몽3kg(6-8과),19900,종합몰,http://item.gmarket.co.kr/Item?goodscode=443377899
(현대Hmall) 자연의선택 새콤상큼자몽5kg(9-13과),29900,종합몰,http://item.gmarket.co.kr/Item?goodscode=443378064
후레쉬 레드자몽 1.5kg 5입내외(4-6입),6000,깐깐한 품질...우리존,http://item.gmarket.co.kr/Item?goodscode=516908715
햇살아름 새콤달콤 맛잇는 플로리다 자몽 3.4kg 11과내/,22900,종합몰,http://item.gmarket.co.kr/Item?goodscode=525183984
햇살아름 새콤달콤 맛잇는 플로리다 자몽 6.8kg 22과내/,41000,종합몰,http://item.gmarket.co.kr/Item?goodscode=525205551
자연미가 순수 자몽즙1600(80mlx20ea)/오리지널 순수자몽원액100% 비타민c과일/자몽쥬스 자몽티/ 롯데식품,33000,종합몰,http://item.gmarket.co.kr/Item?goodscode=613645410

아보카도
슈퍼푸드 아보카도10개,15900,코코카트코리아,http://item.gmarket.co.kr/Item?goodscode=1401589720
코끼리망고 5kg - 8과 망고,49900,퓨테라,http://item.gmarket.co.kr/Item?goodscode=1710456055
태국 망고18개 5kg,47510,팜플러스☆,http://item.gmarket.co.kr/Item?goodscode=1678566649
아보카도 10개,16900,팜플러스☆,http://item.gmarket.co.kr/Item?goodscode=622331568
아보카도 중과 10입(개당 170g),17150,썬밸리마켓,http://item.gmarket.co.kr/Item?goodscode=1265597948
페루애플망고 점보  개,5990,종합몰,http://item.gmarket.co.kr/Item?goodscode=779678175
페루 애플망고 4kg 10과~12과 / 2kg 5kg옵션,51900,제니망고,http://item.gmarket.co.kr/Item?goodscode=833578903
태국 그린망고 6과 1.6kg (270g) 5~6과 (1.5kg),20900,ARADISTRIBUTE,http://item.gmarket.co.kr/Item?goodscode=1473835362
아보카도 중과(175g내외) 10알,17390,오렌지씨,http://item.gmarket.co.kr/Item?goodscode=1130446873
대과/특대과 랜덤특가/카라바오망고 5kg(14-16과),42900,신선팜,http://item.gmarket.co.kr/Item?goodscode=865895039
아보카도 1.8kg (8-10입내외)/숲속의버터 비타민 과일,23800,깐깐한 품질...우리존,http://item.gmarket.co.kr/Item?goodscode=438711111
망고 태국  개 특대,4490,종합몰,http://item.gmarket.co.kr/Item?goodscode=709421850
태국 그린망고 2.5kg내외 7-10과,29900,알라딘푸드,http://item.gmarket.co.kr/Item?goodscode=1526068963
Dole)아보카도 2입(팩),5980,종합몰,http://item.gmarket.co.kr/Item?goodscode=1622970773
모나르카  아보카도 10과 220g  대과 ( 멕시코),23900,코코카트코리아,http://item.gmarket.co.kr/Item?goodscode=1208576393
아보카도 대과 (220g내외) 10알,22800,오렌지씨,http://item.gmarket.co.kr/Item?goodscode=1130457205
필리핀망고 12과 2.4kg선물세트/9과/5kg옵션,27900,제니망고,http://item.gmarket.co.kr/Item?goodscode=439793269
강블리라이프 블링 망고 1kg x 4ea,19000,지피클럽,http://item.gmarket.co.kr/Item?goodscode=1645995378
필리핀 카라바오 생망고 6과-12과 (S/M사이즈) 12과S,24900,줌마망고,http://item.gmarket.co.kr/Item?goodscode=1176769920
멕시코산 아보카도 8과~10과 개당 180g,17900,제니망고,http://item.gmarket.co.kr/Item?goodscode=907933112
아이스 망고바60g x60팩,36170,종합몰,http://item.gmarket.co.kr/Item?goodscode=1340606502
필리핀 카라바오 망고 20과 5kg (240g),38900,ARADISTRIBUTE,http://item.gmarket.co.kr/Item?goodscode=1441583934
항공직송 프리미엄 태국 생 망고 5kg내외 14과(개당350g 내외)/ 과당시,52900,종합몰,http://item.gmarket.co.kr/Item?goodscode=1675204075
그린망고 2.5kg(Greenmango)베트남태국(6~8과) 깨오,29900,알라딘푸드,http://item.gmarket.co.kr/Item?goodscode=1234059339
수입과일 페루 애플망고 4kg 항곡직송,62800,과일먹는곰,http://item.gmarket.co.kr/Item?goodscode=1717168915
푸드야 냉동 망고 1kg/블루베리/키위/파인 애플/과일,7800,웰루츠,http://item.gmarket.co.kr/Item?goodscode=831243956
골든후르츠 아이스망고 50개,38540,종합몰,http://item.gmarket.co.kr/Item?goodscode=942071821
태국 그린망고 12과 3.0kg (250g) 10~12과 (3.0kg),33900,ARADISTRIBUTE,http://item.gmarket.co.kr/Item?goodscode=1473836556
수입과일 페루 애플망고 2.5kg 항곡직송,35800,과일먹는곰,http://item.gmarket.co.kr/Item?goodscode=1717168569
애플망고 페루산 대과 2.5kg (6과) 선물세트,33800,농장에서바로,http://item.gmarket.co.kr/Item?goodscode=1684495546
냉동 아보카도 모음전 500g / 1kg,10900,웰루츠,http://item.gmarket.co.kr/Item?goodscode=1109346349
태국 그린망고 10과 2.5kg (250g) 8~10과 (2.5kg),29900,ARADISTRIBUTE,http://item.gmarket.co.kr/Item?goodscode=1473835904
태국 그린망고 8-10과 2.5kg,27900,하다몰,http://item.gmarket.co.kr/Item?goodscode=1650496747
아보카도 대과9알/총2kg내외,22900,월드청과,http://item.gmarket.co.kr/Item?goodscode=887639240
강블리라이프 블링 망고 1kg,4940,지피클럽,http://item.gmarket.co.kr/Item?goodscode=1585757565
구아카몰4팩(250g x 4팩)-스프레드/음료/아보카도,23600,베이킹조아,http://item.gmarket.co.kr/Item?goodscode=1469490971
태국 그린망고 5-6과 1.6kg,21900,하다몰,http://item.gmarket.co.kr/Item?goodscode=1650517783
강블리라이프 블링 망고 1kg x 3ea,14000,지피클럽,http://item.gmarket.co.kr/Item?goodscode=1645994758
그린 코끼리 망고(Green Elephant Mango)  - 1.5kg,14900,윤농장,http://item.gmarket.co.kr/Item?goodscode=1713763895
프리미엄 골드망고 선물세트 / 출고일 지정 가능,29900,비티원후르츠,http://item.gmarket.co.kr/Item?goodscode=747626169
아보카도(대/개),2920,종합몰,http://item.gmarket.co.kr/Item?goodscode=1482959320
DOLE 돌 망고 과일컵 113g X 16개/코스트코,16710,코스트코쇼핑몰,http://item.gmarket.co.kr/Item?goodscode=719615546
필리핀 카라바오 망고 12과 2.4kg (200g),23900,ARADISTRIBUTE,http://item.gmarket.co.kr/Item?goodscode=1441578341
애플망고 1박스4kg(10~12과내외),18000,맛있는생활웰빙푸드,http://item.gmarket.co.kr/Item?goodscode=1717317190
냉동 망고 다이스 1kg,6500,웰루츠,http://item.gmarket.co.kr/Item?goodscode=1581719310
Dole 돌 후룻바틀 666g 4종 황도/트로피칼/파인/망고,4950,성지노마진샵,http://item.gmarket.co.kr/Item?goodscode=1653911201
골드망고 (태국산/대/개),3890,종합몰,http://item.gmarket.co.kr/Item?goodscode=1482588153
냉동망고 다이스 2kg( 1kg x 2팩 ) 뉴뜨레 베트남산,12730,소담푸드,http://item.gmarket.co.kr/Item?goodscode=1483733619
TROPICAL MARIA 냉동 아보카도 1KG 아이스박스,10250,송이펫,http://item.gmarket.co.kr/Item?goodscode=1555534462
강블리라이프 블링 망고 1kg x 2ea,10200,지피클럽,http://item.gmarket.co.kr/Item?goodscode=1607630581
필리핀 카라바오 망고 6과 1.2kg (200g),12260,ARADISTRIBUTE,http://item.gmarket.co.kr/Item?goodscode=1409857317
필리핀 카라바오 망고 16과 5kg (300g),38900,ARADISTRIBUTE,http://item.gmarket.co.kr/Item?goodscode=1441585305
냉동애플망고(피스앤바이츠) 2kg ( 1kg X  2팩 ) 솜,10640,소담푸드,http://item.gmarket.co.kr/Item?goodscode=1661172066
베트남마공/태국망고/그린망고 5kg14과,68000,kv몰,http://item.gmarket.co.kr/Item?goodscode=914076118
(폐루산) 아이스 아보카도 500g/냉동아보카도,6180,한그루샵,http://item.gmarket.co.kr/Item?goodscode=778352344
망고 (하프컷) 아이스망고 500g 망고쥬스 망고빙수,5900,종합몰,http://item.gmarket.co.kr/Item?goodscode=1309561991
아이스 다이스 1kg,6770,종합몰,http://item.gmarket.co.kr/Item?goodscode=1296639260
베트남냉동타로(FROZEN TARO) 700g,6000,kv몰,http://item.gmarket.co.kr/Item?goodscode=736585349
자연미가 아보카도 1.8kg 8개/밀림의 버터/ 롯데식품관,19800,종합몰,http://item.gmarket.co.kr/Item?goodscode=806806216
필리핀 카라바오 망고 24과 4.7kg S과,47410,밥선생,http://item.gmarket.co.kr/Item?goodscode=1147660657
아이스 망고바60g 20팩/,15900,종합몰,http://item.gmarket.co.kr/Item?goodscode=1328542517
카라바오망고(필리핀) 3입/팩,9660,종합몰,http://item.gmarket.co.kr/Item?goodscode=1482773247
아보카도 (멕시코/대/개),2990,종합몰,http://item.gmarket.co.kr/Item?goodscode=1492087743
브라질애플망고(개),7790,종합몰,http://item.gmarket.co.kr/Item?goodscode=1511084074
애플망고(페루/대/개),4870,종합몰,http://item.gmarket.co.kr/Item?goodscode=1539722872
애플망고(페루/개),4870,종합몰,http://item.gmarket.co.kr/Item?goodscode=1547668943
푸드박스  아이스 애플망고 500g x 6박스/ 롯데식품관,22450,종합몰,http://item.gmarket.co.kr/Item?goodscode=1589330583
태국산 달콤한망고2.5kg(7~8개입),39010,종합몰,http://item.gmarket.co.kr/Item?goodscode=826063157
태국 그린망고 18~20과 5kg (270g) 16~20과 (5kg),51900,ARADISTRIBUTE,http://item.gmarket.co.kr/Item?goodscode=1473837004
필리핀 카라바오 망고 5kg 20과 (M사이즈),54900,종합몰,http://item.gmarket.co.kr/Item?goodscode=911643977
1/13(월)순차출고  미인과친한 필리핀 생망고 프리미엄 선물세트 (8과/대/개당 310g내외) 보자기동봉,35900,종합몰,http://item.gmarket.co.kr/Item?goodscode=1244388807
필리핀 카라바오 망고 18과 3.6kg (200g),36900,ARADISTRIBUTE,http://item.gmarket.co.kr/Item?goodscode=1441579842
거북농산 태국산 노란망고5kg10-18과/애플망고12-14,49500,거북이농산,http://item.gmarket.co.kr/Item?goodscode=356915920
SOM 냉동과일 체리 망고 딸기 라임 석류 블루베리체리,5000,깐깐한 품질...우리존,http://item.gmarket.co.kr/Item?goodscode=736531726
베트남 그린망고 5kg 수입망고,68000,kv몰,http://item.gmarket.co.kr/Item?goodscode=742571233
열대과일의 여왕  필리핀 후레쉬 망고 1.25kg(6과),15500,종합몰,http://item.gmarket.co.kr/Item?goodscode=987914560
자연미가 애플망고 3kg(1kgx3ea)/냉동과일 냉동애플망고,23520,종합몰,http://item.gmarket.co.kr/Item?goodscode=1114748450
필리핀 카라바오 망고 16과 L과 4.7kg,51210,밥선생,http://item.gmarket.co.kr/Item?goodscode=1147669801
아보카도 24개입 (220g내외) 대과 1박스,52500,오렌지씨,http://item.gmarket.co.kr/Item?goodscode=1266774735
그린망고 5kg (14-20과) 태국,51900,알라딘푸드,http://item.gmarket.co.kr/Item?goodscode=1286872002
망고  12~14과(5kg) 항공직송 태국 생망고 1박스 랜덤,59900,오렌지씨,http://item.gmarket.co.kr/Item?goodscode=1287388170
신선한 베트남그린망고 5kg (6~8과),56000,엠파이어망고1,http://item.gmarket.co.kr/Item?goodscode=1301938503
아이스 망고다이스 1kg x5팩,31900,종합몰,http://item.gmarket.co.kr/Item?goodscode=1340606268
망고 필리핀  4-5입 팩,13990,종합몰,http://item.gmarket.co.kr/Item?goodscode=1351253162
직수입 망고 태국  2입 팩,9990,종합몰,http://item.gmarket.co.kr/Item?goodscode=1485919957
고소한 아보카도 2입(팩),5980,종합몰,http://item.gmarket.co.kr/Item?goodscode=1505893547
아보카도 대과 (220g내외) 5개입,13800,오렌지씨,http://item.gmarket.co.kr/Item?goodscode=1543114952
페루산 생 애플망고 9~10과 랜덤 (4kg) 1박스,55500,오렌지씨,http://item.gmarket.co.kr/Item?goodscode=1562351180
태국망고 2입(팩),8800,종합몰,http://item.gmarket.co.kr/Item?goodscode=1670207832
고급선물 천연버터 아보카도 선물세트 9과,37810,Fresh Day,http://item.gmarket.co.kr/Item?goodscode=680247224
베트남 냉동 바나나700g/냉동과일/chuoi,5500,kv몰,http://item.gmarket.co.kr/Item?goodscode=736585306
코코넛열매 1박스 12개,28500,kv몰,http://item.gmarket.co.kr/Item?goodscode=764925066
선물용 미국산 햇 아보카도8~12알(개당230g),24900,과일타운,http://item.gmarket.co.kr/Item?goodscode=808374026
필리핀카라바오골드망고6과(1.2kg),12900,종합몰,http://item.gmarket.co.kr/Item?goodscode=985350531
거북농산 영양만점 웰빙과일 아보카도 30개,44000,거북이농산,http://item.gmarket.co.kr/Item?goodscode=1590349053
Dole)아보카도 4~6입(망),8900,종합몰,http://item.gmarket.co.kr/Item?goodscode=1651230818
필리핀 카라바오 망고 10과 2kg (200g),19900,ARADISTRIBUTE,http://item.gmarket.co.kr/Item?goodscode=1441573207
필리핀 카라바오 망고 24과 5kg (200g),37900,ARADISTRIBUTE,http://item.gmarket.co.kr/Item?goodscode=1441582593
후레쉬망고 열대과일의 여왕 필리핀 후레쉬 망고 5kg(20과)/ 롯데식품관,69000,종합몰,http://item.gmarket.co.kr/Item?goodscode=411325867
아보카도 1박스 48개 맥스코 특가,130000,kv몰,http://item.gmarket.co.kr/Item?goodscode=786630885

레몬
정품 썬키스트 팬시레몬 40과,17900,팜플러스☆,http://item.gmarket.co.kr/Item?goodscode=764714608
거북농산 팬시레몬 165과/썬키스트레몬140과/라임,63360,거북이농산,http://item.gmarket.co.kr/Item?goodscode=710659946
미국산햇 레몬77알/썬키스트 77알/싸이즈선택,34900,월드청과,http://item.gmarket.co.kr/Item?goodscode=793955835
정품 썬키스트 팬시레몬 22과,11900,팜플러스☆,http://item.gmarket.co.kr/Item?goodscode=1650537367
정품 팬시 레몬 40과,16960,코코카트코리아,http://item.gmarket.co.kr/Item?goodscode=1678558740
미국산 햇레몬21알/ 썬키스트 21알/싸이즈선택,10900,월드청과,http://item.gmarket.co.kr/Item?goodscode=779990815
(행사상품)레몬 7-12입 미국  봉,7990,종합몰,http://item.gmarket.co.kr/Item?goodscode=753920814
점보레몬 미국  개,1480,종합몰,http://item.gmarket.co.kr/Item?goodscode=878094889
썬키스트 레몬30알/ 한알140g특대 옵션선택,15900,과일타운,http://item.gmarket.co.kr/Item?goodscode=211035279
햇 레몬20알(선키스트 팬시/특대과140g옵션),9410,★통큰거북이★,http://item.gmarket.co.kr/Item?goodscode=1283927010
미국산 팬시 레몬 대과 30입 (2개사면 5입 증정),16900,썬밸리마켓,http://item.gmarket.co.kr/Item?goodscode=1232085550
소확품 톡톡 튀는 상큼한 제주 레몬 2.5kg,39800,소확품,http://item.gmarket.co.kr/Item?goodscode=1586273791
제주레몬농장  친환경 무농약인증 국내산 레몬 3kg,48000,참이맛이야,http://item.gmarket.co.kr/Item?goodscode=675912033
신선하고 상큼함이 가득한 제주 레몬 5kg,39900,종합몰,http://item.gmarket.co.kr/Item?goodscode=1711543491
선키스트 레몬100과 1Box(특대과140g옵션),45900,과일타운,http://item.gmarket.co.kr/Item?goodscode=104492663
생라임 48알/대과선택,39900,월드청과,http://item.gmarket.co.kr/Item?goodscode=935047931
거북농산 국산참다래 3kg/제스프리정품 그린키위 3kg,10000,거북이농산,http://item.gmarket.co.kr/Item?goodscode=744770314
정품 팬시 레몬 20과 / 30과,10900,코코카트코리아,http://item.gmarket.co.kr/Item?goodscode=1678565155
썬키스트 정품 팬시레몬 30~50알 레몬청만족 특가행사,17900,행복누리과일,http://item.gmarket.co.kr/Item?goodscode=828644421
싱싱한 미국산 정품 썬키스트레몬 80알(특대과옵션),34900,후르츠하우스.,http://item.gmarket.co.kr/Item?goodscode=1577056226
싱싱한 미국산 정품 썬키스트레몬 22알(특대과옵션),11900,후르츠하우스.,http://item.gmarket.co.kr/Item?goodscode=1577047178
레몬(미국산)/개,890,종합몰,http://item.gmarket.co.kr/Item?goodscode=1482947086
미국산  팬시레몬 165과 140과 17kg,54900,제니망고,http://item.gmarket.co.kr/Item?goodscode=1703138577
썬키스트 라임 정품 48과(4.3kg) 1박스 생라임 개당85g,34500,오렌지씨,http://item.gmarket.co.kr/Item?goodscode=1183385720
선키스트 생 라임1kg내외  / 레몬2kg이내,9900,과일타운,http://item.gmarket.co.kr/Item?goodscode=786903116
미국산 정품 썬키스트 펜시레몬50과,24900,열매스토어(주),http://item.gmarket.co.kr/Item?goodscode=1131273628
팬시 레몬 50개입(120g내외) 썬키스트 미국산,28000,오렌지씨,http://item.gmarket.co.kr/Item?goodscode=1119657885
썬키스트 라임 정품 36개입(85g) 생라임,27700,오렌지씨,http://item.gmarket.co.kr/Item?goodscode=1183386446
신선한 팬시 레몬 140과 17kg 특품,107800,달달과수원,http://item.gmarket.co.kr/Item?goodscode=1370982547
미국산 팬시레몬 30과 3kg(100g)/20과/50과,15900,제니망고,http://item.gmarket.co.kr/Item?goodscode=732910243
정품레몬 대과과20알(2.8K내외/개당140g) 무료배송,15900,행복누리과일,http://item.gmarket.co.kr/Item?goodscode=1341118877
큰알생라임10알/개당100g내외 대과옵션선택,10900,월드청과,http://item.gmarket.co.kr/Item?goodscode=935043926
팬시 레몬 50과 소과 (개당100g내외) 칠레산,17900,자연마루몰,http://item.gmarket.co.kr/Item?goodscode=711790593
썬키스트 팬시 레몬 중과 3.6kg 30입,19900,종합몰,http://item.gmarket.co.kr/Item?goodscode=987325256
썬키스트 라임 정품 18개입(85g) 생라임,15800,오렌지씨,http://item.gmarket.co.kr/Item?goodscode=1256427033
미국) 레몬(3입/팩),3900,종합몰,http://item.gmarket.co.kr/Item?goodscode=1486630117
팬시 레몬 30개입(120g내외) 썬키스트 미국산,18500,오렌지씨,http://item.gmarket.co.kr/Item?goodscode=1119651738
거북농산 미국썬키스트/미국산 팬시레몬20개/라임,9900,거북이농산,http://item.gmarket.co.kr/Item?goodscode=1433409684
썬키스트 팬시 레몬 미국산 (중과/120g) 25입,15500,만나몰.,http://item.gmarket.co.kr/Item?goodscode=1692085936
썬키스트 레몬 16kg 150과내외 대용량,59900,임실농원,http://item.gmarket.co.kr/Item?goodscode=264086389
칠레 정품레몬  4kg 30과 내외 XL사이즈,17900,에이원플러스,http://item.gmarket.co.kr/Item?goodscode=1482659393
정품 팬시 레몬 10과,6500,코코카트코리아,http://item.gmarket.co.kr/Item?goodscode=1678571284
행복누리 / 썬키스트 정품 팬시레몬/ 10과 20과,8900,행복누리과일,http://item.gmarket.co.kr/Item?goodscode=998184337
레몬 40개  방금 수입된 싱싱한 레몬,15700,원시인농산,http://item.gmarket.co.kr/Item?goodscode=1645394547
미국산 정품 썬키스트 펜시레몬21과,13900,열매스토어(주),http://item.gmarket.co.kr/Item?goodscode=1131260453
생 라임48알내외/ 레몬60알(특대과140g옵션),38900,과일타운,http://item.gmarket.co.kr/Item?goodscode=104492628
썬키스트 라임 정품 10개입(103g내외) 생라임,11400,오렌지씨,http://item.gmarket.co.kr/Item?goodscode=1469564575
미국  레몬 팬시 30입(개당 120g내외) 중과 사이즈,12900,종합몰,http://item.gmarket.co.kr/Item?goodscode=1704431419
미국산 팬시 레몬 20알,11900,비티원후르츠,http://item.gmarket.co.kr/Item?goodscode=784192868
미국산 썬키스트 팬시 레몬 20과,13800,명성코너,http://item.gmarket.co.kr/Item?goodscode=1569183504
팬시 레몬 10개입(120g내외) 썬키스트 정품 미국산,8900,오렌지씨,http://item.gmarket.co.kr/Item?goodscode=1510148393
마켓에이치 미국산 팬시 레몬 10과 (100g 내외) 칠레산,6900,마켓에이치,http://item.gmarket.co.kr/Item?goodscode=1660943470
미국산레몬30/ 썬키스트 30알/싸이즈선택,15900,월드청과,http://item.gmarket.co.kr/Item?goodscode=1703711626
레몬 15kg내외 대용량  (145과전후 중소과)싱싱한 레몬,55900,원시인농산,http://item.gmarket.co.kr/Item?goodscode=166370085
레몬 (칠레산/개),970,종합몰,http://item.gmarket.co.kr/Item?goodscode=1482582218
미국산 레몬(6~12입/봉),9900,종합몰,http://item.gmarket.co.kr/Item?goodscode=1482812054
생 라임 850g 10과내외(중크기),10000,종합몰,http://item.gmarket.co.kr/Item?goodscode=1462863006
미국산 정품 썬키스트 펜시레몬36과,19900,열매스토어(주),http://item.gmarket.co.kr/Item?goodscode=1131255220
썬키스트 레몬 30과/크기별선택/레몬차 레몬청 과일,24510,깐깐한 품질...우리존,http://item.gmarket.co.kr/Item?goodscode=252004592
썬키스트 레몬 17kg 140-165과내외/초이스 팬시,110000,깐깐한 품질...우리존,http://item.gmarket.co.kr/Item?goodscode=526111553
썬키스트 팬시 레몬 중과 2.4kg내외  20입,14500,종합몰,http://item.gmarket.co.kr/Item?goodscode=986319717
썬키스트 팬시 레몬 중과 6kg 50입,29900,종합몰,http://item.gmarket.co.kr/Item?goodscode=987612566
팬시 레몬 140과(17kg) 1박스 썬키스트 미국산,69500,오렌지씨,http://item.gmarket.co.kr/Item?goodscode=1119598807
썬키스트 라임 정품 10개입(85g) 생라임,10500,오렌지씨,http://item.gmarket.co.kr/Item?goodscode=1183382468
거북농산  미국썬키스트/미국산레몬 40개/라임,17800,거북이농산,http://item.gmarket.co.kr/Item?goodscode=1341323106
상큼한 썬키스트 레몬 7~10입(봉),12800,종합몰,http://item.gmarket.co.kr/Item?goodscode=1486629655
마켓에이치 리모네이라 정품 팬시 레몬 10과(100g내외),6900,마켓에이치,http://item.gmarket.co.kr/Item?goodscode=1578496532
싱싱한 레몬 16kg내 150과전후 대용량,65900,풀내음농원,http://item.gmarket.co.kr/Item?goodscode=252269001
썬키스트 라임 정품 48과(4.5kg)1박스 생라임 개당103g,39900,오렌지씨,http://item.gmarket.co.kr/Item?goodscode=1469570449
라임 3입내(팩),4370,종합몰,http://item.gmarket.co.kr/Item?goodscode=1486630353
꿀/한라봉/레몬/자몽/유자/모과/생강/대추/석류/차,5930,드랍쉽,http://item.gmarket.co.kr/Item?goodscode=457686319
미국산 팬시 레몬 대과 140과,66800,썬밸리마켓,http://item.gmarket.co.kr/Item?goodscode=1334992039
신선한 팬시 레몬 30과 3.6kg 특품,34800,달달과수원,http://item.gmarket.co.kr/Item?goodscode=1370980192
펜시 레몬 30과 쥬스용 업소용으로 조아요,11900,달구벌농산,http://item.gmarket.co.kr/Item?goodscode=346782837
썬키스트 팬시레몬 30과 3kg/20/50과/소과옵션,16800,제니망고,http://item.gmarket.co.kr/Item?goodscode=859024302
미국산 썬키스트 팬시레몬 165과 140과 17kg,69900,제니망고,http://item.gmarket.co.kr/Item?goodscode=875089591
(오직 특대과만/ 최대 25%특가) 레몬 10/15/20알,12900,정글과일,http://item.gmarket.co.kr/Item?goodscode=1443930984
사나다 자몽 레몬 즙 짜개 스퀴저(D-5752),8190,또또스토어,http://item.gmarket.co.kr/Item?goodscode=1290223496
이노마타 레몬 즙 짜개 스퀴저(1111) 250ml,8190,또또스토어,http://item.gmarket.co.kr/Item?goodscode=1160509359
강판 채칼 야채 감자 다지기 레몬 칼 치즈 슬라이스,2070,하루와일,http://item.gmarket.co.kr/Item?goodscode=836099947
생 라임 3kg 36과내외(32-40)/라임청 건강과일,34800,깐깐한 품질...우리존,http://item.gmarket.co.kr/Item?goodscode=874689359
은빛촌 레몬 레몬청 레몬차 3개입,5000,종합몰,http://item.gmarket.co.kr/Item?goodscode=1660146131
싱싱한 레몬 (개당판매)  100g내외 중소과,390,원시인농산,http://item.gmarket.co.kr/Item?goodscode=295931970
레몬(칠레산/개),990,종합몰,http://item.gmarket.co.kr/Item?goodscode=1482418555
썬키스트 레몬(10알)/레몬차 레몬즙 레몬청 과일,7000,깐깐한 품질...우리존,http://item.gmarket.co.kr/Item?goodscode=222957182
(과일나무)  과일나무  멕시코 상큼한 생라임 (65~80g내외/15개입),21600,종합몰,http://item.gmarket.co.kr/Item?goodscode=949071214
미인과친한 새콤달콤 썬키스트팬시 레몬 (20과/2.4kg/개당 120g내외),14900,종합몰,http://item.gmarket.co.kr/Item?goodscode=1116367589
생 라임 1kg 12과내외(중크기)/새콤달콤한 과일 라임청,12500,종합몰,http://item.gmarket.co.kr/Item?goodscode=1494909315
생 라임 850g 10과(중크기)/새콤달콤한 과일 라임청,10800,종합몰,http://item.gmarket.co.kr/Item?goodscode=1499154835
제주 레몬 1kg(5~8과),12900,맛꾼푸드,http://item.gmarket.co.kr/Item?goodscode=1543237311
상큼한 레몬 미국산 즙용(비품) 140~165과 내외,103550,자연마루몰,http://item.gmarket.co.kr/Item?goodscode=1544133396
(freshday)  후레쉬데이  레몬 10개입 (개당 125g내외) 중과,13900,종합몰,http://item.gmarket.co.kr/Item?goodscode=1612317128
레몬 20개 방금 수입된 싱싱한 레몬,7400,원시인농산,http://item.gmarket.co.kr/Item?goodscode=1645392029
제  칠레산 레몬 6-10입/봉,5990,종합몰,http://item.gmarket.co.kr/Item?goodscode=1652920875
SC)레몬 3입,3890,종합몰,http://item.gmarket.co.kr/Item?goodscode=1690065872
레몬 가루(컨츄리 동서 585g) 분말 음료 파우더,7800,세이브마트플러스,http://item.gmarket.co.kr/Item?goodscode=853960352
과일예찬  펜시레몬20과(개당120g내외)/ 롯데식품관,17500,종합몰,http://item.gmarket.co.kr/Item?goodscode=361523813
과일예찬  펜시레몬50과(개당120g내외)/ 롯데식품관,32800,종합몰,http://item.gmarket.co.kr/Item?goodscode=361531158
썬키스트 초이스 레몬3kg(27과내외)/비타민C 과일~,24800,깐깐한 품질...우리존,http://item.gmarket.co.kr/Item?goodscode=516657632
과일예찬  펜시 레몬25과(개당100g내외)/ 롯데식품관,13800,종합몰,http://item.gmarket.co.kr/Item?goodscode=615992173

석류
미국산 생과 석류 5kg 대용량 지금부 제철,28980,달구벌농산,http://item.gmarket.co.kr/Item?goodscode=419486702
켈리포니아 원더플석류 실중량 5kg내외 9~10과,37340,에이원플러스,http://item.gmarket.co.kr/Item?goodscode=746521162
미국산초이스 석류 5kg 18입-왕대9입내외 출시특가,27360,미미가,http://item.gmarket.co.kr/Item?goodscode=1711611121
에이치엘사이언스  미녀들의 시크릿 빨강석류 63포 (21포x3박스),62000,현대홈쇼핑,http://item.gmarket.co.kr/Item?goodscode=1589739583
석류 중소과 18과내외 5kg(캘리포니아),27460,감동몰,http://item.gmarket.co.kr/Item?goodscode=1705000759
햇 생 체리 800g(10.5R) 칠레산 /2개 구매시 1.8kg발송,18190,자연마루몰,http://item.gmarket.co.kr/Item?goodscode=948210885
석류3kg 1박스(특품9과-13과)/냉동석류2.5kg 선택구매,27600,깐깐한 품질...우리존,http://item.gmarket.co.kr/Item?goodscode=159361862
아름다운 습관 석류100 (총100팩/4박스  70ml 30팩 3박스  +  70ml 10팩 1박스),69900,현대홈쇼핑,http://item.gmarket.co.kr/Item?goodscode=1628051613
싱싱한 석류 5kg (16~18과 중소과) 대용량,28310,원시인농산,http://item.gmarket.co.kr/Item?goodscode=1510750936
(생과일) 석류 미국산 10-11과 랜덤 (5kg) 1박스 특대,45000,오렌지씨,http://item.gmarket.co.kr/Item?goodscode=1150441217
거북농산 미국산석류 5kg 15과 13과  당도좋음,30190,거북이농산,http://item.gmarket.co.kr/Item?goodscode=1506998567
체리 칠레  800G 팩,16990,종합몰,http://item.gmarket.co.kr/Item?goodscode=701011854
칠레산 생체리 9.5R 1kg / 500g 옵션,24900,제니망고,http://item.gmarket.co.kr/Item?goodscode=800127737
(미리주문)미녀들의시크릿 빨강석류,122550,현대홈쇼핑,http://item.gmarket.co.kr/Item?goodscode=903330996
항공직송 석류 7개(개당310g내외),20900,팜플러스☆,http://item.gmarket.co.kr/Item?goodscode=1711103553
미국산 석류 5kg 16과/중과(310g내외),29610,더네이처몰,http://item.gmarket.co.kr/Item?goodscode=1703165031
우리존 냉동 알갱이 석류 2.5kg(500gx5봉),28800,종합몰,http://item.gmarket.co.kr/Item?goodscode=1282770444
석류 대과 5-6과내외 2.5kg(캘리포니아),19860,감동몰,http://item.gmarket.co.kr/Item?goodscode=1705000382
석류 5kg내외 (15과내외)/여성의 과일/생석류,37900,생생스토리,http://item.gmarket.co.kr/Item?goodscode=1505212192
거북농산 칠레산 생체리 5kg 풋풋하고 싱싱합니다.,93000,거북이농산,http://item.gmarket.co.kr/Item?goodscode=1446189515
초록들농산 칠레산 생체리 5kg 풋풋하고 싱싱함,93000,초록들 농산,http://item.gmarket.co.kr/Item?goodscode=1449908677
석류 중소과 5과 (개당 270g 내외) 캘리포니아,11110,감동몰,http://item.gmarket.co.kr/Item?goodscode=1151909231
석류(대/개),2990,종합몰,http://item.gmarket.co.kr/Item?goodscode=1482520875
미국산 석류 5kg 18과/중소과(280g내외),25650,더네이처몰,http://item.gmarket.co.kr/Item?goodscode=1516355984
석류 대과 12과내외 5kg(캘리포니아),37910,감동몰,http://item.gmarket.co.kr/Item?goodscode=1705001585
우즈베키스탄 석류생과 5kg 15과 / 8과 2.6kg,31900,제니망고,http://item.gmarket.co.kr/Item?goodscode=1685533298
생석류2.5kg(계절별구매)/냉동석류/석류100%원액,22900,과일타운,http://item.gmarket.co.kr/Item?goodscode=174704749
미국산 체리 특대과(9.5Row)1kg 칠레산,27900,농산물특공대,http://item.gmarket.co.kr/Item?goodscode=1452940030
생 체리 칠레산 체리 큰사이즈(28mm) 1kg,28500,오렌지씨,http://item.gmarket.co.kr/Item?goodscode=1708361701
(2kg 대용량)싱싱한 칠레산 생과체리/ 크기선택가능,47800,원시인농산,http://item.gmarket.co.kr/Item?goodscode=1544460887
20배 농축 프리미엄 석류 추출 분말 가루 500g,24900,골든허브,http://item.gmarket.co.kr/Item?goodscode=1545652321
햇 생 체리 600g(9.5R) 칠레산 /2개 구매시 1.4kg발송,19900,자연마루몰,http://item.gmarket.co.kr/Item?goodscode=1527037299
미인은 석류 4입(1.2kg내외/팩),12800,종합몰,http://item.gmarket.co.kr/Item?goodscode=1694799155
생 체리   칠레산 체리 5kg 1박스 큰사이즈(28mm),129000,오렌지씨,http://item.gmarket.co.kr/Item?goodscode=1708361775
우즈베키스탄 생석류 4.7kg - 9수,50000,퓨테라,http://item.gmarket.co.kr/Item?goodscode=1711803572
자연미가 냉동체리 4kg(1kgx4ea)베리필드 체리 4kg(1kgx4ea)/냉동과일 냉동체리/ 우리존,38800,종합몰,http://item.gmarket.co.kr/Item?goodscode=1151601651
싱싱한 석류 5kg (10~12과 대중과) 대용량,40700,원시인농산,http://item.gmarket.co.kr/Item?goodscode=1697287242
싱싱한 석류 5kg (13~15과 중과) 대용량,34470,원시인농산,http://item.gmarket.co.kr/Item?goodscode=1697283900
석류 중과 15과내외 5kg(캘리포니아),33160,감동몰,http://item.gmarket.co.kr/Item?goodscode=1705001157
부평농산 석류 수입산 5KG 18과 내외 1박스,37900,부평농산,http://item.gmarket.co.kr/Item?goodscode=1706376387
프리미엄 캘리포니아 생석류 15과 (330g내외) 5kg,38900,(주)오키농산,http://item.gmarket.co.kr/Item?goodscode=1700761874
미국산 석류 5kg 13과/중대과(380g내외),35900,더네이처몰,http://item.gmarket.co.kr/Item?goodscode=1703166203
(생과일) 미국산 석류 중대과  15개입 5kg내외,37700,오렌지씨,http://item.gmarket.co.kr/Item?goodscode=1712261050
미국산 캘리포니아 햇석류 12개입 대과(개당400g내외),49900,종합몰,http://item.gmarket.co.kr/Item?goodscode=1708187471
미국산 체리(400G/팩),7790,종합몰,http://item.gmarket.co.kr/Item?goodscode=1604059945
(감동) 캘리포니아 석류 중소과 5kg 18과내외,30900,종합몰,http://item.gmarket.co.kr/Item?goodscode=1705138403
20배 농축 석류 추출 분말 가루 스틱 120포,26100,골든허브,http://item.gmarket.co.kr/Item?goodscode=1615978225
달콤한 미국산 초이스 석류 18과 내외(개당 270g),26900,썬밸리마켓,http://item.gmarket.co.kr/Item?goodscode=1542011291
석류 미국  개 특대,3990,종합몰,http://item.gmarket.co.kr/Item?goodscode=747450937
(생과일) 미국산 석류 중대과  9개입 3kg내외,23900,오렌지씨,http://item.gmarket.co.kr/Item?goodscode=1712261170
석류 중과 7-9과내외 2.5kg(캘리포니아),16060,감동몰,http://item.gmarket.co.kr/Item?goodscode=1705000013
(감동) 캘리포니아 석류 중과 2.5kg 7-9과내외,18900,종합몰,http://item.gmarket.co.kr/Item?goodscode=1509560707
(전단상품)체리 칠레  400G 팩,10990,종합몰,http://item.gmarket.co.kr/Item?goodscode=777197146
우리존 냉동 알갱이 석류 1.5kg(500gx3봉),19410,종합몰,http://item.gmarket.co.kr/Item?goodscode=1290432175
체리(칠레산) 400G/팩,9900,종합몰,http://item.gmarket.co.kr/Item?goodscode=1482905475
(자연식탁)  자연식탁  새콤달콤한 우즈벡 생석류 5과 (320g내외),16900,종합몰,http://item.gmarket.co.kr/Item?goodscode=1692805464
(생과일) 미국산 석류 중대과 3개입 1kg내외,10700,오렌지씨,http://item.gmarket.co.kr/Item?goodscode=1712261312
냉동 석류 1kg,10900,웰루츠,http://item.gmarket.co.kr/Item?goodscode=994198292
칠레산 생 체리 2kg 지금부터 제철 입니다,39900,달구벌농산,http://item.gmarket.co.kr/Item?goodscode=1543366344
석류 5kg(10과-18과)/ 냉동석류 석류즙 석류쥬스,39800,깐깐한 품질...우리존,http://item.gmarket.co.kr/Item?goodscode=506534687
석류 5kg내외 (15과내외),36010,대한농산(G),http://item.gmarket.co.kr/Item?goodscode=1505175548
석류 5kg내외  (12과내외) /대과 여성의과일 생석류,37910,생생스토리,http://item.gmarket.co.kr/Item?goodscode=1535060450
초L)체리 500G,9660,종합몰,http://item.gmarket.co.kr/Item?goodscode=1625117258
석류 2kg/냉동석류 1.5kg 선택구매,18810,깐깐한 품질...우리존,http://item.gmarket.co.kr/Item?goodscode=870518711
우리존 냉동 체리 4kg(1kg x 4팩),39800,종합몰,http://item.gmarket.co.kr/Item?goodscode=1290432763
여성을 위한 과일 석류 5kg (17과전후 중소과),29900,임실농원,http://item.gmarket.co.kr/Item?goodscode=1510705401
청담상회 싱싱달콤 체리 항공직송 칠레산 생체리 500g,14900,원커머스,http://item.gmarket.co.kr/Item?goodscode=1528161083
후레쉬 체리 1kg /냉동체리2kg 선품선택 과일의여왕~,24000,깐깐한 품질...우리존,http://item.gmarket.co.kr/Item?goodscode=132884584
응답하라2019 새콤달콤 미국산 햇 석류 5kg,45000,참살이농산물,http://item.gmarket.co.kr/Item?goodscode=411823054
미국 석류 (특대/개),3800,종합몰,http://item.gmarket.co.kr/Item?goodscode=1709963200
칠레 생 체리 28밀리(10ROW) 5kg 대용량,99000,에이원플러스,http://item.gmarket.co.kr/Item?goodscode=1182279521
과일의 여왕 항공직송 생 체리 700g /2개 주문시 1.6kg 발송,14140,종합몰,http://item.gmarket.co.kr/Item?goodscode=807718337
2019년 햇 수입 생과 체리 / 2kg 대용량 사이즈선택,48400,임실농원,http://item.gmarket.co.kr/Item?goodscode=1552085038
광야식품 생기석류 2병1050ml 석류즙 찜질방음료 자연,19850,세렌디퍼유통백화점,http://item.gmarket.co.kr/Item?goodscode=1705205105
100석류즙 발효석류농축액 500ml / 유산균,65370,마이샵몰,http://item.gmarket.co.kr/Item?goodscode=1670044123
석류 피쉬콜라겐 120스틱 360g(3g X 60스틱 X 2개),89860,화인쇼핑,http://item.gmarket.co.kr/Item?goodscode=1694374832
광야식품 생기석류 2병1050ml 석류즙 찜질방음료 자연,33350,화인쇼핑,http://item.gmarket.co.kr/Item?goodscode=1694416227
석류 피쉬콜라겐(240g 분말),53120,화인쇼핑,http://item.gmarket.co.kr/Item?goodscode=1694495033
100석류즙 발효석류농축액 500ml / 유산균,50550,어서오시옹,http://item.gmarket.co.kr/Item?goodscode=1697303688
종근당건강 아담과이브 석류콜라겐 골드 80ml x 60vh,76290,유이맘,http://item.gmarket.co.kr/Item?goodscode=1697368123
100석류즙 발효석류농축액 500ml / 유산균,50550,유이맘,http://item.gmarket.co.kr/Item?goodscode=1698126454
국내가공 석류농축분말 300g 2개석류분말 석류가루 이,59090,어서오시옹,http://item.gmarket.co.kr/Item?goodscode=1698246117
상아제약 석류 데일리타임 10ml 30포 국내산 자연식,123400,유이맘,http://item.gmarket.co.kr/Item?goodscode=1699195293
종근당건강 아담과이브 석류콜라겐 골드 80ml x 60vh,106710,usuoiso,http://item.gmarket.co.kr/Item?goodscode=1717426835
국내가공 석류농축분말 300g 2개석류분말 석류가루 이,59090,해돋음,http://item.gmarket.co.kr/Item?goodscode=1681344810
석류 피쉬콜라겐 120스틱 360g(3g X 60스틱 X 2개),89860,해돋음,http://item.gmarket.co.kr/Item?goodscode=1681555928
석류 피쉬콜라겐(240g 분말),53120,해돋음,http://item.gmarket.co.kr/Item?goodscode=1681767132
광야식품 생기석류 2병1050ml 석류즙 찜질방음료 자연,33350,해돋음,http://item.gmarket.co.kr/Item?goodscode=1682158687
상아제약 석류 데일리타임 10ml 30포 국내산 자연식,123400,해돋음,http://item.gmarket.co.kr/Item?goodscode=1682618823
Sang-A Pharmaceutical Pomegranate Daily Time 10ml,153820,★지노쇼핑★,http://item.gmarket.co.kr/Item?goodscode=1714176534
석류공주 100%리얼착즙원액 1+1박스/NFC착즙,25900,(주)사계절,http://item.gmarket.co.kr/Item?goodscode=1634932065
10배농축 석류100% 석류 추출 분말 가루 500g(지퍼백),24900,우리가스토리,http://item.gmarket.co.kr/Item?goodscode=1484577054
냉동 알갱이 석류 2.5kg(500gx5팩),29800,깐깐한 품질...우리존,http://item.gmarket.co.kr/Item?goodscode=122326972
자연미가 체리 3kg(1kgx3ea)/냉동과일 냉동체리/ 우리존,30000,종합몰,http://item.gmarket.co.kr/Item?goodscode=1151600622
10배농축 석류100% 석류 추출 분말 가루 500g+500g,46450,우리가스토리,http://item.gmarket.co.kr/Item?goodscode=1484577571
캘리포니아 석류 대과 2.5kg 5-6과내외/ 감동,27900,종합몰,http://item.gmarket.co.kr/Item?goodscode=1510891237
석류(특/개),3990,종합몰,http://item.gmarket.co.kr/Item?goodscode=1533557858
항공직송 고당도 칠레 체리 1kg (10row-10.5row),32900,자연맛남,http://item.gmarket.co.kr/Item?goodscode=1635079695
항공직송 고당도 칠레 체리 2kg (10row-10.5row),59900,자연맛남,http://item.gmarket.co.kr/Item?goodscode=1635081669
B햇 고당도 석류 대과 5개 개당 330g내외,17900,자연마루몰,http://item.gmarket.co.kr/Item?goodscode=1694672290

포도
(행사상품)씨없는적포도 미국  1.2kg 팩,6990,종합몰,http://item.gmarket.co.kr/Item?goodscode=729489186
(전단상품)프리미엄청포도ENVY 미국  1.5KG 팩,10990,종합몰,http://item.gmarket.co.kr/Item?goodscode=1707915939
거북농산 페루산 청포도  크림슨(적포도) 8.2kg,39900,거북이농산,http://item.gmarket.co.kr/Item?goodscode=982756221
미국산 씨없는청포도 (800G/팩),6820,종합몰,http://item.gmarket.co.kr/Item?goodscode=1482805066
(행사상품)프리미엄적포도 GEM 미국  900G 팩,5990,종합몰,http://item.gmarket.co.kr/Item?goodscode=854274343
미국산 씨없는적포도 (800G/팩),6990,종합몰,http://item.gmarket.co.kr/Item?goodscode=1482805039
포도 껍질째먹는 적포도 크림슨 8.2kg 1박스,41900,오렌지씨,http://item.gmarket.co.kr/Item?goodscode=1498652403
청포도 미국산 씨없는 탐슨시들러스 8.2kg내외 1박스,47230,오렌지씨,http://item.gmarket.co.kr/Item?goodscode=1354494729
8.5kg  엠파크 캘리포니아 씨없는 적포도(박스당 8-10봉),37950,K쇼핑,http://item.gmarket.co.kr/Item?goodscode=1703110472
리얼허니 블랙사파이어포도 600G,7790,종합몰,http://item.gmarket.co.kr/Item?goodscode=1551664511
톰슨 시들리스 청포도 씨없는포도 2KG,19710,부평농산,http://item.gmarket.co.kr/Item?goodscode=1621020519
씨없는 청포도 적포도 블렉포도 3kg 미국,17030,에이원플러스,http://item.gmarket.co.kr/Item?goodscode=696437460
씨없는 청포도 적포도 블렉포도 6kg 미국,34000,에이원플러스,http://item.gmarket.co.kr/Item?goodscode=513050237
크림슨 시들리스 적포도 껍질째먹는 포도 2KG,19710,부평농산,http://item.gmarket.co.kr/Item?goodscode=1621016636
청포도 1kg내외  씨없는 탐슨시들러스  미국산,9100,오렌지씨,http://item.gmarket.co.kr/Item?goodscode=1111784622
리얼허니)블랙사파이어포도 600G,6990,종합몰,http://item.gmarket.co.kr/Item?goodscode=1509062365
페루산 씨있는 거봉 1kg (적포도 청포도 거봉),7980,썬밸리마켓,http://item.gmarket.co.kr/Item?goodscode=1525315699
껍질채 먹는 크림슨 적포도 1kg내외 포도알,8700,오렌지씨,http://item.gmarket.co.kr/Item?goodscode=1171339566
아삭한 고당도 애플청포도 4kg,37500,월드마켓과일스토어,http://item.gmarket.co.kr/Item?goodscode=1679238784
아삭한 고당도 애플청포도 2kg,22900,월드마켓과일스토어,http://item.gmarket.co.kr/Item?goodscode=1679237640
미국산 껍질째 먹는 씨없는 적 포도 3kg 크림슨 스칼렛,21900,과일이당기는시간,http://item.gmarket.co.kr/Item?goodscode=1691927178
리얼허니)고당도청포도 600G,7990,종합몰,http://item.gmarket.co.kr/Item?goodscode=1668148301
거북농산 미국산 청포도  크림슨 거봉 3kg,18600,거북이농산,http://item.gmarket.co.kr/Item?goodscode=1463418328
(행사상품) 프리미엄블랙포도 미국  900G 팩,7990,종합몰,http://item.gmarket.co.kr/Item?goodscode=1540368607
가락24 고당도 애플청포도 1.6kg내외/씨앤,17900,가락시장e몰,http://item.gmarket.co.kr/Item?goodscode=1700830502
씨없는청포도 1.2KG/팩,9900,종합몰,http://item.gmarket.co.kr/Item?goodscode=1482941327
씨없는적포도 (페루산/800G),6990,종합몰,http://item.gmarket.co.kr/Item?goodscode=1549853734
리얼허니 미드나잇블랙포도 600G,5990,종합몰,http://item.gmarket.co.kr/Item?goodscode=1558470640
씨없는혼합포도 1.2KG,8770,종합몰,http://item.gmarket.co.kr/Item?goodscode=1697048776
(자연식탁) 미국판 샤인머스켓  고당도 애플청포도 1송이 (1kg내외),10900,종합몰,http://item.gmarket.co.kr/Item?goodscode=1710634141
시들리스 탐슨 청포도 망고포도 씨없는포도2~3수/2kg,22800,늘가온길,http://item.gmarket.co.kr/Item?goodscode=1513456000
시들리스 크림슨 적포도 껍질째먹는 포도2~3수/2kg,19800,늘가온길,http://item.gmarket.co.kr/Item?goodscode=1513474796
씨없는 청포도 8kg 수입산 당도최고 신선도 대용량과일,49800,달달과수원,http://item.gmarket.co.kr/Item?goodscode=1170942157
포도  커다란 거봉 레드글로브  1kg 내외,8400,오렌지씨,http://item.gmarket.co.kr/Item?goodscode=1543200507
포도 / 미국산 애플 청포도 1kg,7900,GWFOOD,http://item.gmarket.co.kr/Item?goodscode=1703761263
초L)씨없는적포도 (800G/칠레산),7790,종합몰,http://item.gmarket.co.kr/Item?goodscode=1482604496
레드글로브(페루산)/800G,7990,종합몰,http://item.gmarket.co.kr/Item?goodscode=1482759462
리얼허니 아도라블랙포도 600G,6820,종합몰,http://item.gmarket.co.kr/Item?goodscode=1536262767
씨없는 블랙포도 1.8KG/원산지 미국/17744,17870,피앤피(베스트쇼핑몰),http://item.gmarket.co.kr/Item?goodscode=880088615
씨없는 적포도 8kg 크림슨 씨들리스 당도최고 대용량,48600,달달과수원,http://item.gmarket.co.kr/Item?goodscode=1172451897
톰슨 시들리스 청포도 씨없는포도 4KG,32900,부평농산,http://item.gmarket.co.kr/Item?goodscode=1621021092
씨없는 적포도 1.8KG/원산지:미국산/83337,17330,피앤피(베스트쇼핑몰),http://item.gmarket.co.kr/Item?goodscode=668851511
크림슨 시들리스 적포도 껍질째먹는 포도 8.2KG,59900,부평농산,http://item.gmarket.co.kr/Item?goodscode=1621018229
미국산 탐슨 씨들러스 청포도 2송이 2kg / 3송이 3kg,16900,제니망고,http://item.gmarket.co.kr/Item?goodscode=921543526
동원)황도 슬라이스 400g x 12개 사시사철 맛있는 복,45390,세렌디퍼유통백화점2,http://item.gmarket.co.kr/Item?goodscode=1698856269
동원)황도 슬라이스 400g x 12개 사시사철 맛있는 복,55850,해돋음,http://item.gmarket.co.kr/Item?goodscode=1682111057
동원)황도 슬라이스 400g x 12개 사시사철 맛있는 복,55850,공이이공,http://item.gmarket.co.kr/Item?goodscode=1702021024
동원)황도 슬라이스 400g x 12개 사시사철 맛있는 복,55850,공이이공,http://item.gmarket.co.kr/Item?goodscode=1702082671
SOM 냉동 청포도2kg(1kgx2팩) 씨가없어먹기편함,19550,깐깐한 품질...우리존,http://item.gmarket.co.kr/Item?goodscode=811909141
SOM 냉동 청포도6kg(1kgx6팩) 씨가없어먹기편함,54000,깐깐한 품질...우리존,http://item.gmarket.co.kr/Item?goodscode=811910570
냉동 적포도 3kg(1kg x 3팩)/상큼하고 시원한 맛,25200,깐깐한 품질...우리존,http://item.gmarket.co.kr/Item?goodscode=709225556
SOM 냉동 청포도(1kgx1팩)탐슨시들러씨가없어먹기좋은,9000,깐깐한 품질...우리존,http://item.gmarket.co.kr/Item?goodscode=811908196
SOM 냉동 청포도3kg(1kgx3팩) 씨가없어먹기편함,29700,깐깐한 품질...우리존,http://item.gmarket.co.kr/Item?goodscode=811909799
달콤한 샤인머스켓 청포도 2kg 2-4송이,34800,종합몰,http://item.gmarket.co.kr/Item?goodscode=1466709145
레드글로브 (칠레산/800G/팩),6990,종합몰,http://item.gmarket.co.kr/Item?goodscode=1482602884
씨없는청포도 (800G/페루산),7990,종합몰,http://item.gmarket.co.kr/Item?goodscode=1541970599
고당도블랙포도 400G,4990,종합몰,http://item.gmarket.co.kr/Item?goodscode=1671236401
씨없는 포도8.2kg 청포도/적포도 선택 과일,74800,깐깐한 품질...우리존,http://item.gmarket.co.kr/Item?goodscode=606948284
냉동 적포도 1kg(1kg x 1팩)/상큼하고 시원한 맛,7900,깐깐한 품질...우리존,http://item.gmarket.co.kr/Item?goodscode=709223219
냉동 적포도 2kg(1kg x 2팩)/상큼하고 시원한 맛,18000,깐깐한 품질...우리존,http://item.gmarket.co.kr/Item?goodscode=709224341
껍질째먹는  적포도2kg(크림슨)/씨없는청포도,21900,깐깐한 품질...우리존,http://item.gmarket.co.kr/Item?goodscode=798946851
건포도(차오름 1KG 미국산) X 10 떡재료 말린 ,66780,세이브마트플러스,http://item.gmarket.co.kr/Item?goodscode=852974533
냉동과일  청포도3.0kg(1000gx3팩)씨가없어드시기편리,29700,깐깐한 품질...우리존,http://item.gmarket.co.kr/Item?goodscode=751243258
냉동과일  청포도6.0kg(1000gx6팩)씨가없어드시기편리,54000,깐깐한 품질...우리존,http://item.gmarket.co.kr/Item?goodscode=751244023
씨없는 포도2kg/청포도 적포도 상품선택,21900,깐깐한 품질...우리존,http://item.gmarket.co.kr/Item?goodscode=798949345
MBA 머루포도(3kg/박스),19410,종합몰,http://item.gmarket.co.kr/Item?goodscode=1482527811
(햇살맞춤) 씨없는 청포도(샤인머스켓)2kg,34900,종합몰,http://item.gmarket.co.kr/Item?goodscode=1505227473
P 소용량수입적포도(미국) /팩,3890,종합몰,http://item.gmarket.co.kr/Item?goodscode=1520771832
P 소용량수입포도혼합(미국) 팩,3950,종합몰,http://item.gmarket.co.kr/Item?goodscode=1520771862
P 소용량수입청포도(미국) 팩,3990,종합몰,http://item.gmarket.co.kr/Item?goodscode=1520772302
P 블랙아도라포도 100G,890,종합몰,http://item.gmarket.co.kr/Item?goodscode=1534214344
P 씨없는청포도(칠레) 800G/팩,6820,종합몰,http://item.gmarket.co.kr/Item?goodscode=1578480591
(팸쿡) 팸쿡 새콤달콤 씨없는 청포도 2kg (1kg   2),22900,종합몰,http://item.gmarket.co.kr/Item?goodscode=1585120332
씨없는 블랙포도 (800G/팩),6820,종합몰,http://item.gmarket.co.kr/Item?goodscode=1626682238
정감 고당도 샤인머스켓 망고포도 700g내외(1송이),21470,종합몰,http://item.gmarket.co.kr/Item?goodscode=1642679975
정감 고당도 샤인머스켓 망고포도 1.3kg내외(2송이),35900,종합몰,http://item.gmarket.co.kr/Item?goodscode=1642680004
정감 고당도 샤인머스켓 망고포도 2kg(3송이),46900,종합몰,http://item.gmarket.co.kr/Item?goodscode=1642680029
(맛다름)  맛다름  미국  씨없는 오톰킹 청포도 800g   1팩,9000,종합몰,http://item.gmarket.co.kr/Item?goodscode=1649596698
(맛다름)  맛다름  미국  씨없는 오톰킹 청포도 800g   2팩,14900,종합몰,http://item.gmarket.co.kr/Item?goodscode=1649596727
샤인머스켓 선물세트 2kg 3-4송이,64800,종합몰,http://item.gmarket.co.kr/Item?goodscode=1664231310
정감 고당도 샤인머스켓 2.1kg(특품 3송이)/선물세트(고급보자기 증정),58710,종합몰,http://item.gmarket.co.kr/Item?goodscode=1668833857
(맛다름)  맛다름  미국  씨없는 적포도 800g내외  1팩,8600,종합몰,http://item.gmarket.co.kr/Item?goodscode=1675239861
(맛다름)  맛다름  미국  씨없는 적포도 800g내외  2팩,13500,종합몰,http://item.gmarket.co.kr/Item?goodscode=1675239972
(맛다름)  맛다름  미국  씨없는 혼합 오톰킹청포도+적포도 800g   2팩,14900,종합몰,http://item.gmarket.co.kr/Item?goodscode=1677190298
(맛다름)  맛다름  미국  씨없는 혼합 오톰킹청포도+적포도 800g   1팩,8900,종합몰,http://item.gmarket.co.kr/Item?goodscode=1677191505
달콤팝  프리미엄 수입과일 씨없는 청포도 800g,12940,종합몰,http://item.gmarket.co.kr/Item?goodscode=1680540503
달콤팝  프리미엄 수입과일 씨없는 청포도 1.6kg,19900,종합몰,http://item.gmarket.co.kr/Item?goodscode=1680540540
달콤팝  프리미엄 씨없는 적포도 스칼렛로얄 800g,12900,종합몰,http://item.gmarket.co.kr/Item?goodscode=1680540594
달콤팝  프리미엄 씨없는 적포도 스칼렛로얄 1.6kg,18900,종합몰,http://item.gmarket.co.kr/Item?goodscode=1680540636
달콤팝  프리미엄 씨없는 청포도 적포도 혼합 1.6kg,19800,종합몰,http://item.gmarket.co.kr/Item?goodscode=1680540668
(익스프레쉬) 씨없는 애플청포도 1kg 내외,12500,종합몰,http://item.gmarket.co.kr/Item?goodscode=1700175632
(익스프레쉬) 씨없는 애플청포도 2kg 내외,19900,종합몰,http://item.gmarket.co.kr/Item?goodscode=1700179725
(익스프레쉬) 씨없는 적포도 1kg 내외,11900,종합몰,http://item.gmarket.co.kr/Item?goodscode=1700179807
(익스프레쉬) 씨없는 적포도 2kg 내외,18500,종합몰,http://item.gmarket.co.kr/Item?goodscode=1700179846
후레쉬데이  당도높은 미국산 청포도 1kg,10500,종합몰,http://item.gmarket.co.kr/Item?goodscode=1702725154
후레쉬데이  당도높은 미국산 청포도 2kg,17500,종합몰,http://item.gmarket.co.kr/Item?goodscode=1702725176
후레쉬데이  당도높은 미국산 청포도 4kg,42500,종합몰,http://item.gmarket.co.kr/Item?goodscode=1702725201
제  미국산 씨없는 청포도 800G/팩,5990,종합몰,http://item.gmarket.co.kr/Item?goodscode=1703934259
(익스프레쉬) 고당도 거봉 포도 레드글러브 1kg내외,12500,종합몰,http://item.gmarket.co.kr/Item?goodscode=1704954828
(익스프레쉬) 고당도 거봉포도 레드글러브 2kg 내외,18900,종합몰,http://item.gmarket.co.kr/Item?goodscode=1704954860
